wall_time,session_t,mode,source,outcome,gesture,distance,threshold,threshold_source,runner_up,runner_up_distance,margin_ratio,fired,key,detail,seg_frames,seg_duration,seg_peak_speed,seg_mean_speed,seg_close_reason,session_label
1788623221.197,121.075,LIVE,trajectory,rejected,r,0.9979,0.4200,default(1 sample),,inf,0.0000,False,,distance over threshold,12,0.754,0.7937,0.1401,still,
1788623225.278,125.156,LIVE,trajectory,rejected,r,0.7109,0.4200,default(1 sample),,inf,0.0000,False,,distance over threshold,25,2.113,0.2892,0.1614,hand_lost,
1788623226.219,126.096,LIVE,trajectory,rejected,r,1.0063,0.4200,default(1 sample),,inf,0.0000,False,,distance over threshold,12,0.751,0.9148,0.1520,still,
1788623229.887,129.764,LIVE,trajectory,rejected,r,0.6058,0.4200,default(1 sample),,inf,0.0000,False,,distance over threshold,27,2.196,0.3311,0.1623,hand_lost,
1788623232.686,132.563,LIVE,trajectory,accepted,r,0.4091,0.4200,default(1 sample),,inf,0.0000,True,None,no action mapped in gestures.yaml,34,2.656,0.9024,0.1718,hand_lost,
1788623234.162,134.040,LIVE,trajectory,segment_rejected,,,,,,,,,,too_short(4f<5f),4,0.926,1.8950,1.0459,hand_lost,
1788623234.685,134.562,LIVE,trajectory,segment_rejected,,,,,,,,,,path_too_small(0.29<0.55),8,0.465,0.5144,0.1011,still,
1788623237.157,137.035,LIVE,trajectory,rejected,r,0.4629,0.4200,default(1 sample),,inf,0.0000,False,,distance over threshold,23,2.255,1.0889,0.2327,hand_lost,
1788623239.946,139.824,LIVE,trajectory,rejected,r,0.4884,0.4200,default(1 sample),,inf,0.0000,False,,distance over threshold,21,1.792,0.2903,0.1358,hand_lost,
1788623240.828,140.706,LIVE,trajectory,segment_rejected,,,,,,,,,,too_short(4f<5f),4,0.671,1.2692,0.5804,hand_lost,
1788623243.084,142.961,LIVE,trajectory,rejected,r,0.6967,0.4200,default(1 sample),,inf,0.0000,False,,distance over threshold,27,2.193,0.2687,0.1400,hand_lost,
1788624475.071,131.384,LIVE,trajectory,accepted,r,0.1310,0.6000,calibrated(3 samples),,inf,0.0000,True,None,no action mapped in gestures.yaml,16,0.610,0.3485,0.0922,still,
1788624477.094,133.408,LIVE,trajectory,segment_rejected,,,,,,,,,,too_short(4f<5f),4,0.434,0.0785,0.0546,hand_lost,
1788624480.172,136.486,LIVE,trajectory,accepted,r,0.4790,0.6000,calibrated(3 samples),,inf,0.0000,True,None,no action mapped in gestures.yaml,27,1.032,0.8111,0.1618,still,
1788624483.254,139.568,LIVE,trajectory,rejected,r,0.6295,0.6000,calibrated(3 samples),,inf,0.0000,False,,distance over threshold,28,1.254,0.9809,0.1364,still,
1788624485.912,142.226,LIVE,trajectory,accepted,r,0.1216,0.6000,calibrated(3 samples),,inf,0.0000,True,None,no action mapped in gestures.yaml,18,0.709,0.9080,0.1742,still,
1788624488.889,145.203,LIVE,trajectory,rejected,r,0.6559,0.6000,calibrated(3 samples),,inf,0.0000,False,,distance over threshold,40,1.617,0.2906,0.0941,still,
1788624491.505,147.819,LIVE,trajectory,accepted,r,0.1997,0.6000,calibrated(3 samples),,inf,0.0000,True,None,no action mapped in gestures.yaml,28,1.066,0.3702,0.1485,still,
1788624493.933,150.246,LIVE,trajectory,rejected,r,0.6355,0.6000,calibrated(3 samples),,inf,0.0000,False,,distance over threshold,32,1.226,0.2731,0.1099,still,
1788624496.064,152.377,LIVE,trajectory,rejected,r,0.8217,0.6000,calibrated(3 samples),,inf,0.0000,False,,distance over threshold,6,0.526,0.2525,0.1211,hand_lost,
1788624499.551,155.865,LIVE,trajectory,accepted,r,0.0689,0.6000,calibrated(3 samples),,inf,0.0000,True,None,no action mapped in gestures.yaml,15,0.556,1.0991,0.2114,still,
1788624502.047,158.361,LIVE,trajectory,accepted,r,0.5876,0.6000,calibrated(3 samples),,inf,0.0000,True,None,no action mapped in gestures.yaml,33,1.255,0.2321,0.1306,still,
1788624504.212,160.526,LIVE,trajectory,segment_rejected,,,,,,,,,,path_too_small(0.35<0.55),6,0.493,0.1056,0.0644,hand_lost,
1788624512.267,168.581,LIVE,trajectory,accepted,r,0.2048,0.6000,calibrated(3 samples),,inf,0.0000,True,None,no action mapped in gestures.yaml,12,0.446,0.7413,0.1388,still,
1788624515.760,172.073,LIVE,trajectory,segment_rejected,,,,,,,,,,path_too_small(0.38<0.55),7,0.524,0.1080,0.0587,hand_lost,
1788624522.918,179.232,LIVE,trajectory,segment_rejected,,,,,,,,,,path_too_small(0.35<0.55),9,0.323,0.1618,0.0392,still,
1788624527.685,183.998,LIVE,trajectory,accepted,r,0.5518,0.6000,calibrated(3 samples),,inf,0.0000,True,None,no action mapped in gestures.yaml,46,1.793,0.1278,0.0850,still,
1788624529.614,185.928,LIVE,trajectory,accepted,r,0.5288,0.6000,calibrated(3 samples),,inf,0.0000,True,None,no action mapped in gestures.yaml,9,0.591,0.2659,0.1055,hand_lost,
1788625291.201,53.924,LIVE,trajectory,rejected,swpr,1.0069,0.4200,default(1 sample),,inf,0.0000,False,,distance over threshold,19,1.661,1.0525,0.2210,hand_lost,
1788625292.403,55.126,LIVE,trajectory,accepted,swpr,0.0635,0.4200,default(1 sample),,inf,0.0000,True,None,no action mapped in gestures.yaml,6,0.796,0.5921,0.1921,hand_lost,
1788625295.619,58.342,LIVE,trajectory,rejected,swpr,1.5854,0.4200,default(1 sample),,inf,0.0000,False,,distance over threshold,13,0.801,1.0329,0.1755,still,
1788625296.883,59.605,LIVE,trajectory,accepted,swpr,0.0363,0.4200,default(1 sample),,inf,0.0000,True,None,no action mapped in gestures.yaml,11,1.133,0.3083,0.1639,hand_lost,
1788625301.024,63.747,LIVE,trajectory,rejected,swpr,0.4831,0.4200,default(1 sample),,inf,0.0000,False,,distance over threshold,33,2.141,0.5575,0.1483,still,
1788625303.696,66.418,LIVE,trajectory,rejected,swpr,1.5774,0.4200,default(1 sample),,inf,0.0000,False,,distance over threshold,13,0.799,1.3293,0.2280,still,
1788626027.502,65.214,LIVE,trajectory,rejected,swiper,0.6897,0.4200,default(1 sample),swpr,0.7355,0.9378,False,,distance over threshold,39,2.669,0.9299,0.1711,hand_lost,
1788626028.252,65.963,LIVE,trajectory,accepted,swiper,0.3477,0.4200,default(1 sample),swpr,1.5824,0.2197,True,None,no action mapped in gestures.yaml,11,0.576,0.8291,0.1613,still,
1788626030.455,68.166,LIVE,trajectory,accepted,swpr,0.1671,0.4200,default(1 sample),swiper,1.2168,0.1374,True,None,no action mapped in gestures.yaml,30,2.072,0.2650,0.1473,hand_lost,
1788626031.332,69.044,LIVE,trajectory,accepted,swiper,0.3101,0.4200,default(1 sample),swpr,1.5317,0.2024,True,None,no action mapped in gestures.yaml,12,0.649,0.9114,0.1633,still,
1788626034.238,71.949,LIVE,trajectory,rejected,swiper,0.6912,0.4200,default(1 sample),swpr,0.7263,0.9518,False,,distance over threshold,49,2.842,0.3788,0.1459,still,
1788626036.353,74.064,LIVE,trajectory,accepted,swpr,0.2144,0.4200,default(1 sample),swiper,1.1864,0.1807,True,None,no action mapped in gestures.yaml,29,2.057,0.3190,0.1467,hand_lost,
1788626040.491,78.202,LIVE,trajectory,segment_rejected,,,,,,,,,,too_short(3f<4f),3,0.527,0.6217,0.3275,hand_lost,
1788626041.951,79.663,LIVE,trajectory,rejected,swiper,0.4935,0.4200,default(1 sample),swpr,1.5067,0.3275,False,,distance over threshold,11,0.599,0.4442,0.0864,still,
1788626043.674,81.386,LIVE,trajectory,accepted,swpr,0.0915,0.4200,default(1 sample),swiper,1.3653,0.0670,True,None,no action mapped in gestures.yaml,18,1.421,0.3294,0.1714,hand_lost,
1788626046.442,84.153,LIVE,trajectory,accepted,swiper,0.2419,0.4200,default(1 sample),swpr,1.5560,0.1554,True,None,no action mapped in gestures.yaml,10,0.532,0.4608,0.0879,still,
1788626048.411,86.122,LIVE,trajectory,accepted,swpr,0.1523,0.4200,default(1 sample),swiper,1.3104,0.1162,True,None,no action mapped in gestures.yaml,23,1.724,0.2861,0.1330,hand_lost,
1788626049.693,87.405,LIVE,trajectory,accepted,swiper,0.1107,0.4200,default(1 sample),swpr,1.4129,0.0784,True,None,no action mapped in gestures.yaml,10,0.528,0.5924,0.1127,still,
1788626050.983,88.695,LIVE,trajectory,accepted,swpr,0.0923,0.4200,default(1 sample),swiper,1.3451,0.0687,True,None,no action mapped in gestures.yaml,13,1.101,0.3337,0.1905,hand_lost,
1788626069.780,107.491,LIVE,trajectory,accepted,swiper,0.1855,0.4200,default(1 sample),swpr,1.5291,0.1213,True,None,no action mapped in gestures.yaml,11,0.593,0.3127,0.0633,still,
1788626072.112,109.823,LIVE,trajectory,accepted,swpr,0.3154,0.4200,default(1 sample),swiper,1.0820,0.2915,True,None,no action mapped in gestures.yaml,29,2.092,0.2648,0.1189,hand_lost,
1788626074.923,112.634,LIVE,trajectory,rejected,swpr,0.7200,0.4200,default(1 sample),swiper,0.7450,0.9665,False,,distance over threshold,38,2.678,0.4705,0.1423,hand_lost,
1788626084.327,122.038,LIVE,trajectory,accepted,swiper,0.2974,0.4200,default(1 sample),swpr,1.4627,0.2033,True,None,no action mapped in gestures.yaml,12,0.687,0.5956,0.1026,still,
1788626085.570,123.281,LIVE,trajectory,segment_rejected,,,,,,,,,,path_too_small(0.32<0.55),10,0.513,0.0724,0.0338,still,
1788626086.105,123.816,LIVE,trajectory,segment_rejected,,,,,,,,,,path_too_small(0.23<0.55),9,0.467,0.0627,0.0280,still,
1788626086.860,124.572,LIVE,trajectory,segment_rejected,,,,,,,,,,path_too_small(0.48<0.55),11,0.580,0.1221,0.0471,still,
1788626089.887,127.598,LIVE,trajectory,rejected,swpr,0.6340,0.4200,default(1 sample),swiper,1.2023,0.5273,False,,distance over threshold,9,0.466,0.2464,0.0624,still,
1788626091.976,129.687,LIVE,trajectory,segment_rejected,,,,,,,,,,path_too_small(0.26<0.55),4,0.623,0.1559,0.0668,hand_lost,
1788626094.770,132.482,LIVE,trajectory,rejected,swiper,0.8081,0.4200,default(1 sample),swpr,1.1671,0.6924,False,,distance over threshold,11,0.597,0.1763,0.0625,still,
1788626097.167,134.879,LIVE,trajectory,accepted,swpr,0.1025,0.4200,default(1 sample),swiper,1.3722,0.0747,True,None,no action mapped in gestures.yaml,8,0.816,0.3952,0.2281,hand_lost,
1788626098.927,136.639,LIVE,trajectory,accepted,swiper,0.3561,0.4200,default(1 sample),swpr,1.4913,0.2388,True,None,no action mapped in gestures.yaml,11,0.578,0.4789,0.0952,still,
1788626100.054,137.766,LIVE,trajectory,accepted,swpr,0.0335,0.4200,default(1 sample),swiper,1.3553,0.0247,True,None,no action mapped in gestures.yaml,11,0.996,0.3168,0.2125,hand_lost,
1788626102.623,140.334,LIVE,trajectory,rejected,swiper,0.4804,0.4200,default(1 sample),swpr,0.9579,0.5016,False,,distance over threshold,14,0.768,0.4030,0.0770,still,
1788626103.174,140.886,LIVE,trajectory,segment_rejected,,,,,,,,,,too_short(2f<4f),2,0.477,0.1435,0.1192,hand_lost,
1788751499.078,75.619,LIVE,trajectory,rejected,swipe_right,0.6854,0.5093,calibrated(2 samples),,inf,0.0000,False,,distance over threshold,20,1.876,1.7526,0.2937,hand_lost,
1788751500.595,77.136,LIVE,trajectory,rejected,swipe_right,0.9275,0.5093,calibrated(2 samples),,inf,0.0000,False,,distance over threshold,13,1.262,1.9499,0.3511,hand_lost,
1788751501.879,78.420,LIVE,trajectory,accepted,swipe_right,0.4844,0.5093,calibrated(2 samples),,inf,0.0000,True,right,"DRY RUN, would press right",11,1.134,1.2772,0.2852,hand_lost,
1788751507.809,84.350,LIVE,trajectory,accepted,swipe_right,0.1321,0.5093,calibrated(2 samples),,inf,0.0000,True,right,"DRY RUN, would press right",27,2.261,2.1018,0.3137,still,
1788751509.228,85.769,LIVE,trajectory,rejected,swipe_right,1.0893,0.5093,calibrated(2 samples),,inf,0.0000,False,,distance over threshold,15,1.358,1.9482,0.4198,still,
1788751511.178,87.719,LIVE,trajectory,accepted,swipe_right,0.5025,0.5093,calibrated(2 samples),,inf,0.0000,True,right,"DRY RUN, would press right",6,0.801,0.2597,0.1225,hand_lost,
1788751512.451,88.992,LIVE,trajectory,accepted,swipe_right,0.4501,0.5093,calibrated(2 samples),,inf,0.0000,True,right,"DRY RUN, would press right",12,1.205,2.0309,0.4171,hand_lost,
1788751522.364,98.905,LIVE,trajectory,rejected,swipe_right,0.8238,0.5093,calibrated(2 samples),,inf,0.0000,False,,distance over threshold,8,1.119,0.8927,0.3367,hand_lost,
1788751525.164,101.705,LIVE,trajectory,rejected,swipe_right,0.6909,0.5093,calibrated(2 samples),,inf,0.0000,False,,distance over threshold,29,2.595,3.3910,0.3451,hand_lost,
1788751602.111,178.653,LIVE,trajectory,accepted,swipe_right,0.3033,0.5093,calibrated(2 samples),swipe_left,0.4644,0.6531,True,right,"DRY RUN, would press right",35,2.402,0.4281,0.1826,still,
1788751608.448,184.990,LIVE,trajectory,rejected,swipe_right,0.5284,0.5093,calibrated(2 samples),swipe_left,0.5941,0.8895,False,,distance over threshold,80,6.078,2.6521,0.2809,still,
1788751611.552,188.094,LIVE,trajectory,accepted,swipe_right,0.4259,0.5093,calibrated(2 samples),swipe_left,0.6018,0.7076,True,right,"DRY RUN, would press right",6,0.816,0.3413,0.1362,hand_lost,
1788751613.002,189.543,LIVE,trajectory,rejected,swipe_right,0.3380,0.5093,calibrated(2 samples),swipe_left,0.3967,0.8521,False,,ambiguous vs swipe_left (ratio 0.85 > 0.80),10,1.298,3.0843,0.5615,hand_lost,
1788751618.222,194.763,LIVE,trajectory,accepted,swipe_right,0.4530,0.5093,calibrated(2 samples),swipe_left,0.5776,0.7843,True,right,"DRY RUN, would press right",37,2.995,1.2768,0.1790,still,
1788751621.500,198.041,LIVE,trajectory,rejected,swipe_right,0.7551,0.5093,calibrated(2 samples),swipe_left,0.8148,0.9268,False,,distance over threshold,30,2.609,1.1314,0.1520,hand_lost,
1788751660.011,236.553,LIVE,trajectory,rejected,swipe_right,0.4972,0.5093,calibrated(2 samples),swipe_left,0.5360,0.9277,False,,ambiguous vs swipe_left (ratio 0.93 > 0.80),44,2.417,1.4958,0.2126,still,
1788751662.594,239.136,LIVE,trajectory,rejected,swipe_right,0.5211,0.5093,calibrated(2 samples),swipe_left,0.5366,0.9711,False,,distance over threshold,27,1.461,0.3444,0.1697,still,
1788751665.001,241.542,LIVE,trajectory,rejected,swipe_right,1.1044,0.5093,calibrated(2 samples),swipe_left,1.1597,0.9524,False,,distance over threshold,30,1.626,0.3034,0.1542,still,
1788751667.130,243.672,LIVE,trajectory,rejected,swipe_right,0.5046,0.5093,calibrated(2 samples),swipe_left,0.5540,0.9109,False,,ambiguous vs swipe_left (ratio 0.91 > 0.80),28,1.515,0.3243,0.1548,still,
1788751668.207,244.748,LIVE,trajectory,rejected,swipe_right,0.4694,0.5093,calibrated(2 samples),swipe_left,0.5559,0.8443,False,,ambiguous vs swipe_left (ratio 0.84 > 0.80),5,0.617,3.0680,0.6495,hand_lost,
1788751669.890,246.431,LIVE,trajectory,rejected,swipe_left,0.7027,0.6000,calibrated(2 samples),swipe_right,0.8569,0.8200,False,,distance over threshold,9,0.842,0.3390,0.2314,hand_lost,
1788751673.707,250.248,LIVE,trajectory,accepted,swipe_right,0.0678,0.5093,calibrated(2 samples),swipe_left,0.2215,0.3062,True,right,"DRY RUN, would press right",38,2.079,0.6963,0.1830,still,
1788751676.061,252.603,LIVE,trajectory,rejected,swipe_right,1.1048,0.5093,calibrated(2 samples),swipe_left,1.1569,0.9549,False,,distance over threshold,30,1.630,0.2962,0.1548,still,
1788751678.574,255.115,LIVE,trajectory,rejected,swipe_right,0.5104,0.5093,calibrated(2 samples),swipe_left,0.5487,0.9302,False,,distance over threshold,28,1.809,0.2790,0.1529,still,
1788751680.898,257.439,LIVE,trajectory,rejected,swipe_right,1.1029,0.5093,calibrated(2 samples),swipe_left,1.1542,0.9555,False,,distance over threshold,28,1.795,0.2616,0.1397,still,
1788751690.430,266.971,LIVE,trajectory,rejected,swipe_right,0.6413,0.5093,calibrated(2 samples),swipe_left,0.6869,0.9335,False,,distance over threshold,26,2.002,2.0234,0.3330,still,
1788751694.494,271.035,LIVE,trajectory,rejected,swipe_right,0.5754,0.5093,calibrated(2 samples),swipe_left,0.6043,0.9522,False,,distance over threshold,29,1.857,1.4322,0.2435,still,
1788751696.300,272.841,LIVE,trajectory,rejected,swipe_right,0.9887,0.5093,calibrated(2 samples),swipe_left,0.9922,0.9964,False,,distance over threshold,16,1.005,0.1344,0.0524,still,
1788751697.048,273.589,LIVE,trajectory,accepted,swipe_right,0.4456,0.5093,calibrated(2 samples),swipe_left,0.5903,0.7548,True,right,"DRY RUN, would press right",4,0.667,0.3091,0.1594,hand_lost,
1788751698.581,275.122,LIVE,trajectory,rejected,swipe_left,0.3384,0.6000,calibrated(2 samples),swipe_right,0.3703,0.9140,False,,ambiguous vs swipe_right (ratio 0.91 > 0.80),16,1.473,1.8639,0.3130,hand_lost,
1788751699.500,276.042,LIVE,trajectory,rejected,swipe_right,1.1077,0.5093,calibrated(2 samples),swipe_left,1.1878,0.9325,False,,distance over threshold,13,0.862,2.7283,0.4154,still,
1788751702.304,278.846,LIVE,trajectory,rejected,swipe_right,0.5182,0.5093,calibrated(2 samples),swipe_left,0.5355,0.9678,False,,distance over threshold,24,1.538,0.4898,0.1901,still,
1788751703.566,280.107,LIVE,trajectory,segment_rejected,,,,,,,,,,path_too_small(0.28<0.55),4,0.671,0.1795,0.0744,hand_lost,
1788751706.312,282.853,LIVE,trajectory,rejected,swipe_right,1.1064,0.5093,calibrated(2 samples),swipe_left,1.1739,0.9425,False,,distance over threshold,10,1.074,0.4208,0.2270,hand_lost,
1788751710.093,286.634,LIVE,trajectory,rejected,swipe_right,0.7744,0.5093,calibrated(2 samples),swipe_left,0.8046,0.9625,False,,distance over threshold,29,2.130,0.9998,0.2200,still,
1788751712.765,289.306,LIVE,trajectory,accepted,swipe_right,0.1696,0.5093,calibrated(2 samples),swipe_left,0.3508,0.4835,True,right,"DRY RUN, would press right",12,0.738,0.3029,0.0798,still,
1788751714.767,291.308,LIVE,trajectory,segment_rejected,,,,,,,,,,path_too_small(0.36<0.55),4,0.672,0.2427,0.0927,hand_lost,
1788751715.629,292.170,LIVE,trajectory,rejected,swipe_left,0.5171,0.6000,calibrated(2 samples),swipe_right,0.5182,0.9980,False,,ambiguous vs swipe_right (ratio 1.00 > 0.80),12,0.736,1.0511,0.2086,still,
1788751719.505,296.046,LIVE,trajectory,accepted,swipe_right,0.2768,0.5093,calibrated(2 samples),swipe_left,0.4579,0.6045,True,right,"DRY RUN, would press right",23,1.873,3.3011,0.4346,still,
1788751721.444,297.986,LIVE,trajectory,accepted,swipe_right,0.2560,0.5093,calibrated(2 samples),swipe_left,0.3345,0.7654,True,right,"DRY RUN, would press right",18,1.539,1.3021,0.2603,still,
1788751723.036,299.577,LIVE,trajectory,rejected,swipe_right,1.1036,0.5093,calibrated(2 samples),swipe_left,1.1512,0.9587,False,,distance over threshold,17,1.465,2.4035,0.3232,still,
1788751725.035,301.576,LIVE,trajectory,rejected,swipe_right,0.5195,0.5093,calibrated(2 samples),swipe_left,0.5380,0.9657,False,,distance over threshold,15,1.341,2.2612,0.3508,still,
1788751739.694,316.235,LIVE,trajectory,rejected,swipe_right,0.9956,0.5093,calibrated(2 samples),swipe_left,1.0728,0.9281,False,,distance over threshold,24,1.920,1.9953,0.2620,still,
1788751742.702,319.243,LIVE,trajectory,rejected,swipe_right,0.5799,0.5093,calibrated(2 samples),swipe_left,0.6072,0.9550,False,,distance over threshold,22,1.792,2.8294,0.4286,still,
1788751745.185,321.726,LIVE,trajectory,rejected,swipe_right,0.5055,0.5093,calibrated(2 samples),swipe_left,0.5499,0.9193,False,,ambiguous vs swipe_left (ratio 0.92 > 0.80),23,1.876,2.3296,0.2928,still,
1788751748.718,325.259,LIVE,trajectory,segment_rejected,,,,,,,,,,too_short(3f<4f),3,0.594,1.8799,1.0182,hand_lost,
1788751885.158,84.491,LIVE,trajectory,rejected,swipe_left,0.7912,0.6000,calibrated(2 samples),swipe_right,0.8507,0.9300,False,,distance over threshold,13,1.268,0.8514,0.1972,hand_lost,
1788751886.882,86.216,LIVE,trajectory,rejected,swipe_right,0.3143,0.5093,calibrated(2 samples),swipe_left,0.3289,0.9557,False,,ambiguous vs swipe_left (ratio 0.96 > 0.80),13,1.664,2.9200,0.5488,hand_lost,
1788751891.488,90.821,LIVE,trajectory,rejected,swipe_right,1.0227,0.5093,calibrated(2 samples),swipe_left,1.0815,0.9456,False,,distance over threshold,7,0.882,1.2839,0.4047,hand_lost,
1788751892.415,91.749,LIVE,trajectory,rejected,swipe_right,0.5152,0.5093,calibrated(2 samples),swipe_left,0.5217,0.9875,False,,distance over threshold,13,0.800,1.5252,0.2626,still,
1788751893.223,92.556,LIVE,trajectory,segment_rejected,,,,,,,,,,path_too_small(0.27<0.55),4,0.673,0.1802,0.0734,hand_lost,
1788751894.610,93.944,LIVE,trajectory,rejected,swipe_left,0.5790,0.6000,calibrated(2 samples),swipe_right,0.6983,0.8291,False,,ambiguous vs swipe_right (ratio 0.83 > 0.80),12,0.715,0.1854,0.0646,still,
1788751896.315,95.648,LIVE,trajectory,rejected,swipe_right,1.0992,0.5093,calibrated(2 samples),swipe_left,1.1426,0.9620,False,,distance over threshold,12,1.551,2.3032,0.4505,hand_lost,
1788751908.001,107.334,LIVE,trajectory,rejected,swipe_right,0.5318,0.5093,calibrated(2 samples),swipe_left,0.6312,0.8425,False,,distance over threshold,11,1.154,0.2901,0.1219,hand_lost,
1788751908.902,108.235,LIVE,trajectory,rejected,swipe_right,0.5032,0.5093,calibrated(2 samples),swipe_left,0.5085,0.9896,False,,ambiguous vs swipe_left (ratio 0.99 > 0.80),12,0.758,0.9561,0.1876,still,
1788751910.261,109.594,LIVE,trajectory,accepted,swipe_right,0.4596,0.5093,calibrated(2 samples),swipe_left,0.6035,0.7616,True,right,pressed right,17,1.086,0.1262,0.0550,still,
1788751911.746,111.079,LIVE,trajectory,rejected,swipe_right,1.1053,0.5093,calibrated(2 samples),swipe_left,1.1540,0.9577,False,,distance over threshold,22,1.424,0.3337,0.1560,still,
1788751913.440,112.773,LIVE,trajectory,rejected,swipe_left,0.7001,0.6000,calibrated(2 samples),swipe_right,0.8319,0.8415,False,,distance over threshold,14,0.943,0.1643,0.0668,still,
1788751915.163,114.496,LIVE,trajectory,rejected,swipe_right,0.5187,0.5093,calibrated(2 samples),swipe_left,0.5202,0.9971,False,,distance over threshold,23,1.509,0.2950,0.1472,still,
1788751918.223,117.556,LIVE,trajectory,accepted,swipe_right,0.3829,0.5093,calibrated(2 samples),swipe_left,0.5171,0.7404,True,right,pressed right,37,2.734,1.0492,0.2344,still,
1788751919.688,119.021,LIVE,trajectory,segment_rejected,,,,,,,,,,path_too_small(0.31<0.55),4,0.654,0.2130,0.0796,hand_lost,
1788751921.767,121.100,LIVE,trajectory,rejected,swipe_right,0.9769,0.5093,calibrated(2 samples),swipe_left,1.0715,0.9117,False,,distance over threshold,14,1.344,1.0049,0.1696,hand_lost,
1788751925.423,124.756,LIVE,trajectory,rejected,swipe_right,0.3534,0.5093,calibrated(2 samples),swipe_left,0.3863,0.9148,False,,ambiguous vs swipe_left (ratio 0.91 > 0.80),16,1.470,0.3922,0.1933,hand_lost,
1788751927.165,126.499,LIVE,trajectory,rejected,swipe_right,0.9694,0.5093,calibrated(2 samples),swipe_left,1.0197,0.9507,False,,distance over threshold,20,1.385,0.6178,0.2203,still,
1788751929.567,128.900,LIVE,trajectory,rejected,swipe_right,0.3982,0.5093,calibrated(2 samples),swipe_left,0.4059,0.9812,False,,ambiguous vs swipe_left (ratio 0.98 > 0.80),32,2.337,1.7388,0.2801,still,
1788751931.284,130.617,LIVE,trajectory,rejected,swipe_left,0.4749,0.6000,calibrated(2 samples),swipe_right,0.4778,0.9939,False,,ambiguous vs swipe_right (ratio 0.99 > 0.80),17,1.663,0.7223,0.2362,hand_lost,
1788751940.913,140.246,LIVE,trajectory,rejected,swipe_left,0.8738,0.6000,calibrated(2 samples),swipe_right,0.8913,0.9804,False,,distance over threshold,9,0.531,0.3074,0.0676,still,
1788751945.857,145.190,LIVE,trajectory,rejected,swipe_right,1.1092,0.5093,calibrated(2 samples),swipe_left,1.1931,0.9297,False,,distance over threshold,15,0.937,0.6626,0.1876,still,
1788751946.709,146.042,LIVE,trajectory,rejected,swipe_right,0.4849,0.5093,calibrated(2 samples),swipe_left,0.5422,0.8942,False,,ambiguous vs swipe_left (ratio 0.89 > 0.80),13,0.792,0.0792,0.0549,still,
1788751948.442,147.775,LIVE,trajectory,rejected,swipe_right,0.5249,0.5093,calibrated(2 samples),swipe_left,0.5431,0.9666,False,,distance over threshold,26,1.662,0.1967,0.1129,still,
1788751949.789,149.122,LIVE,trajectory,rejected,swipe_right,1.0816,0.5093,calibrated(2 samples),swipe_left,1.1386,0.9499,False,,distance over threshold,17,1.282,1.4226,0.2667,still,
1788751951.718,151.051,LIVE,trajectory,rejected,swipe_left,0.4402,0.6000,calibrated(2 samples),swipe_right,0.4524,0.9731,False,,ambiguous vs swipe_right (ratio 0.97 > 0.80),21,1.847,0.2975,0.1732,hand_lost,
1788751958.969,158.302,LIVE,trajectory,rejected,swipe_right,0.4565,0.5093,calibrated(2 samples),swipe_left,0.4808,0.9495,False,,ambiguous vs swipe_left (ratio 0.95 > 0.80),46,3.469,0.7600,0.2079,hand_lost,
1788751969.282,168.615,LIVE,trajectory,rejected,swipe_right,1.0688,0.5093,calibrated(2 samples),swipe_left,1.1194,0.9548,False,,distance over threshold,12,0.878,0.5924,0.1179,still,
1788751971.681,171.015,LIVE,trajectory,rejected,swipe_right,0.3093,0.5093,calibrated(2 samples),swipe_left,0.3179,0.9728,False,,ambiguous vs swipe_left (ratio 0.97 > 0.80),36,2.337,0.3397,0.1642,still,
1788751972.882,172.215,LIVE,trajectory,segment_rejected,,,,,,,,,,path_too_small(0.43<0.55),4,0.675,0.2311,0.1102,hand_lost,
1788751974.743,174.076,LIVE,trajectory,accepted,swipe_left,0.5749,0.6000,calibrated(2 samples),swipe_right,0.7642,0.7523,True,left,pressed left,7,0.871,0.4355,0.2536,hand_lost,
1788751981.008,180.342,LIVE,trajectory,accepted,swipe_right,0.1384,0.5093,calibrated(2 samples),swipe_left,0.2421,0.5718,True,right,pressed right,15,1.406,0.2540,0.0884,hand_lost,
1788751988.295,187.628,LIVE,trajectory,segment_rejected,,,,,,,,,,too_short(3f<4f),3,0.588,0.9887,0.5050,hand_lost,
1788751998.490,197.823,LIVE,trajectory,rejected,swipe_right,0.6084,0.5093,calibrated(2 samples),swipe_left,0.6772,0.8985,False,,distance over threshold,17,1.532,0.6135,0.2465,hand_lost,
1788752005.473,204.807,LIVE,trajectory,rejected,swipe_right,0.4300,0.5093,calibrated(2 samples),swipe_left,0.5056,0.8506,False,,ambiguous vs swipe_left (ratio 0.85 > 0.80),90,6.067,0.9924,0.2105,still,
1788752008.004,207.337,LIVE,trajectory,rejected,swipe_right,0.4174,0.5093,calibrated(2 samples),swipe_left,0.5159,0.8090,False,,ambiguous vs swipe_left (ratio 0.81 > 0.80),28,2.069,1.4465,0.1627,still,
1788752010.484,209.817,LIVE,trajectory,accepted,swipe_right,0.3748,0.5093,calibrated(2 samples),swipe_left,0.5124,0.7315,True,right,pressed right,24,2.001,1.6859,0.3602,still,
1788752012.493,211.826,LIVE,trajectory,accepted,swipe_right,0.2315,0.5093,calibrated(2 samples),swipe_left,0.4829,0.4794,True,right,pressed right,9,1.012,0.1615,0.0953,hand_lost,
1788752013.280,212.613,LIVE,trajectory,rejected,swipe_right,1.0970,0.5093,calibrated(2 samples),swipe_left,1.1371,0.9647,False,,distance over threshold,12,0.738,2.0511,0.3658,still,
1788752017.282,216.615,LIVE,trajectory,rejected,swipe_right,0.2425,0.5093,calibrated(2 samples),swipe_left,0.2932,0.8269,False,,ambiguous vs swipe_left (ratio 0.83 > 0.80),44,3.682,2.2020,0.3668,still,
1788752020.082,219.415,LIVE,trajectory,accepted,swipe_right,0.3963,0.5093,calibrated(2 samples),swipe_left,0.5261,0.7533,True,right,pressed right,28,2.401,1.4037,0.2921,still,
1788752023.145,222.478,LIVE,trajectory,accepted,swipe_right,0.3439,0.5093,calibrated(2 samples),swipe_left,0.4922,0.6987,True,right,pressed right,33,2.658,1.5139,0.2480,still,
1788752025.680,225.013,LIVE,trajectory,accepted,swipe_right,0.3832,0.5093,calibrated(2 samples),swipe_left,0.5075,0.7549,True,right,pressed right,29,2.480,1.5324,0.2930,still,
1788752028.888,228.221,LIVE,trajectory,accepted,swipe_right,0.3851,0.5093,calibrated(2 samples),swipe_left,0.5224,0.7372,True,right,pressed right,21,2.279,2.0206,0.4357,still,
1788752031.809,231.142,LIVE,trajectory,accepted,swipe_right,0.3782,0.5093,calibrated(2 samples),swipe_left,0.5155,0.7337,True,right,pressed right,30,2.335,1.6469,0.3056,still,
1788752033.693,233.026,LIVE,trajectory,rejected,swipe_right,1.0958,0.5093,calibrated(2 samples),swipe_left,1.1755,0.9322,False,,distance over threshold,7,1.280,3.3848,1.1291,hand_lost,
1788752038.088,237.421,LIVE,trajectory,accepted,swipe_right,0.1342,0.5093,calibrated(2 samples),swipe_left,0.2440,0.5502,True,right,pressed right,22,1.872,0.5154,0.1178,hand_lost,
1788752041.075,240.408,LIVE,trajectory,accepted,swipe_right,0.2477,0.5093,calibrated(2 samples),swipe_left,0.3648,0.6790,True,right,pressed right,35,2.868,2.1722,0.3294,still,
1788752042.838,242.172,LIVE,trajectory,rejected,swipe_right,0.9868,0.5093,calibrated(2 samples),swipe_left,1.0403,0.9486,False,,distance over threshold,16,1.662,1.1055,0.2576,hand_lost,
1788752043.821,243.154,LIVE,trajectory,rejected,swipe_right,0.5204,0.5093,calibrated(2 samples),swipe_left,0.5249,0.9915,False,,distance over threshold,13,0.797,1.2773,0.2252,still,
1788752045.789,245.122,LIVE,trajectory,rejected,swipe_right,0.8648,0.5093,calibrated(2 samples),swipe_left,0.9406,0.9194,False,,distance over threshold,17,1.754,1.2338,0.2590,hand_lost,
1788752046.820,246.153,LIVE,trajectory,rejected,swipe_left,0.5128,0.6000,calibrated(2 samples),swipe_right,0.5163,0.9932,False,,ambiguous vs swipe_right (ratio 0.99 > 0.80),13,0.818,1.0979,0.2016,still,
1788752055.943,255.276,LIVE,trajectory,rejected,swipe_right,1.0701,0.5093,calibrated(2 samples),swipe_left,1.1390,0.9395,False,,distance over threshold,13,1.273,0.7763,0.2501,hand_lost,
1788752062.594,261.927,LIVE,trajectory,rejected,swipe_left,0.3677,0.6000,calibrated(2 samples),swipe_right,0.3836,0.9584,False,,ambiguous vs swipe_right (ratio 0.96 > 0.80),9,1.266,1.5383,0.6225,hand_lost,
1788752075.955,275.289,LIVE,trajectory,rejected,swipe_right,0.6038,0.5093,calibrated(2 samples),swipe_left,0.6264,0.9640,False,,distance over threshold,38,2.802,1.2204,0.2367,still,
1788752077.494,276.827,LIVE,trajectory,segment_rejected,,,,,,,,,,path_too_small(0.21<0.55),4,0.670,0.0915,0.0649,hand_lost,
1788752087.155,286.488,LIVE,trajectory,accepted,swipe_right,0.2930,0.5093,calibrated(2 samples),swipe_left,0.4201,0.6975,True,right,pressed right,30,2.003,0.4392,0.1503,still,
1788752090.624,289.958,LIVE,trajectory,accepted,swipe_right,0.4195,0.5093,calibrated(2 samples),swipe_left,0.5405,0.7761,True,right,pressed right,28,2.268,1.8005,0.2916,still,
1788752093.216,292.549,LIVE,trajectory,rejected,swipe_right,1.0066,0.5093,calibrated(2 samples),swipe_left,1.0578,0.9516,False,,distance over threshold,24,1.790,1.4768,0.2011,still,
1788752097.360,296.694,LIVE,trajectory,rejected,swipe_right,0.3798,0.5093,calibrated(2 samples),swipe_left,0.4036,0.9409,False,,ambiguous vs swipe_left (ratio 0.94 > 0.80),36,3.136,2.8976,0.4081,still,
1788752101.220,300.554,LIVE,trajectory,rejected,swipe_right,0.5570,0.5093,calibrated(2 samples),swipe_left,0.5768,0.9657,False,,distance over threshold,26,2.070,1.2924,0.2334,still,
1788752105.026,304.359,LIVE,trajectory,rejected,swipe_right,0.3737,0.5093,calibrated(2 samples),swipe_left,0.4006,0.9328,False,,ambiguous vs swipe_left (ratio 0.93 > 0.80),34,2.610,1.5706,0.2743,still,
1788752107.157,306.490,LIVE,trajectory,segment_rejected,,,,,,,,,,path_too_small(0.46<0.55),8,0.927,0.1589,0.0633,hand_lost,
1788752110.418,309.751,LIVE,trajectory,rejected,swipe_right,0.4813,0.5093,calibrated(2 samples),swipe_left,0.5114,0.9411,False,,ambiguous vs swipe_left (ratio 0.94 > 0.80),32,2.404,1.3776,0.2065,still,
1788752113.098,312.432,LIVE,trajectory,rejected,swipe_right,0.3527,0.5093,calibrated(2 samples),swipe_left,0.3886,0.9076,False,,ambiguous vs swipe_left (ratio 0.91 > 0.80),15,1.406,0.2808,0.1362,hand_lost,
1788752118.113,317.446,LIVE,trajectory,rejected,swipe_right,0.9701,0.5093,calibrated(2 samples),swipe_left,1.0214,0.9498,False,,distance over threshold,14,1.332,0.2850,0.1302,hand_lost,
1788752120.835,320.168,LIVE,trajectory,rejected,swipe_right,0.8052,0.5093,calibrated(2 samples),swipe_left,0.8748,0.9203,False,,distance over threshold,20,1.456,0.3816,0.1198,still,
1788752121.770,321.103,LIVE,trajectory,rejected,swipe_left,0.5044,0.6000,calibrated(2 samples),swipe_right,0.5136,0.9822,False,,ambiguous vs swipe_right (ratio 0.98 > 0.80),6,0.796,0.3990,0.1696,hand_lost,
1788752638.121,61.776,LIVE,trajectory,accepted,swipe_right,0.3499,0.6000,calibrated(3 samples),swipe_left,0.4728,0.7400,True,right,"DRY RUN, would press right",31,1.998,0.3346,0.1405,still,
1788752641.133,64.787,LIVE,trajectory,accepted,swipe_right,0.4186,0.6000,calibrated(3 samples),swipe_left,0.5478,0.7641,True,right,"DRY RUN, would press right",33,2.483,1.2842,0.2412,still,
1788752643.662,67.317,LIVE,trajectory,rejected,swipe_right,0.6418,0.6000,calibrated(3 samples),swipe_left,1.0631,0.6037,False,,distance over threshold,29,1.871,0.3621,0.1311,still,
1788752647.454,71.108,LIVE,trajectory,rejected,swipe_right,0.5607,0.6000,calibrated(3 samples),swipe_left,0.5914,0.9481,False,,ambiguous vs swipe_left (ratio 0.95 > 0.80),29,1.857,1.1617,0.2157,still,
1788752649.599,73.254,LIVE,trajectory,rejected,swipe_right,0.5232,0.6000,calibrated(3 samples),swipe_left,0.5385,0.9716,False,,ambiguous vs swipe_left (ratio 0.97 > 0.80),21,1.341,0.3741,0.1506,still,
1788752652.735,76.389,LIVE,trajectory,accepted,swipe_right,0.1291,0.6000,calibrated(3 samples),swipe_left,0.3524,0.3662,True,right,"DRY RUN, would press right",26,1.680,1.0377,0.2007,still,
1788752681.247,18.950,LIVE,trajectory,accepted,swipe_right,0.1196,0.6000,calibrated(3 samples),swipe_left,0.3392,0.3526,True,right,pressed right,26,1.695,0.9183,0.1915,still,
1788752684.001,21.704,LIVE,trajectory,accepted,swipe_right,0.3934,0.6000,calibrated(3 samples),swipe_left,0.5328,0.7383,True,right,pressed right,32,2.335,1.8722,0.2582,still,
1788752685.131,22.834,LIVE,trajectory,segment_rejected,,,,,,,,,,path_too_small(0.36<0.55),4,0.669,0.2424,0.0943,hand_lost,
1788752688.670,26.373,LIVE,trajectory,accepted,swipe_right,0.5271,0.6000,calibrated(3 samples),swipe_left,0.8141,0.6475,True,right,pressed right,30,2.723,1.1765,0.1789,hand_lost,
1788752690.800,28.503,LIVE,trajectory,rejected,swipe_right,0.5993,0.6000,calibrated(3 samples),swipe_left,0.6453,0.9286,False,,ambiguous vs swipe_left (ratio 0.93 > 0.80),32,2.068,1.3390,0.2219,still,
1788752692.068,29.771,LIVE,trajectory,segment_rejected,,,,,,,,,,path_too_small(0.26<0.55),4,0.672,0.1340,0.0706,hand_lost,
1788752694.598,32.301,LIVE,trajectory,rejected,swipe_right,0.5815,0.6000,calibrated(3 samples),swipe_left,0.6123,0.9497,False,,ambiguous vs swipe_left (ratio 0.95 > 0.80),28,2.255,0.9209,0.1872,hand_lost,
1788752701.855,39.558,LIVE,trajectory,accepted,swipe_right,0.3526,0.6000,calibrated(3 samples),swipe_left,0.4869,0.7242,True,right,pressed right,12,1.209,0.3902,0.1692,hand_lost,
1788752703.795,41.498,LIVE,trajectory,accepted,swipe_right,0.2714,0.6000,calibrated(3 samples),swipe_left,0.4027,0.6740,True,right,pressed right,8,0.937,0.4129,0.1966,hand_lost,
1788752705.659,43.362,LIVE,trajectory,accepted,swipe_right,0.1457,0.6000,calibrated(3 samples),swipe_left,0.2842,0.5127,True,right,pressed right,9,1.001,0.4812,0.2261,hand_lost,
1788752707.858,45.561,LIVE,trajectory,accepted,swipe_right,0.0795,0.6000,calibrated(3 samples),swipe_left,0.3206,0.2480,True,right,pressed right,22,1.526,0.7607,0.1978,still,
1788752708.877,46.580,LIVE,trajectory,segment_rejected,,,,,,,,,,path_too_small(0.23<0.55),4,0.723,0.1604,0.0582,hand_lost,
1788752715.371,53.075,LIVE,trajectory,segment_rejected,,,,,,,,,,too_short(3f<4f),3,1.263,1.1848,0.5598,hand_lost,
1788752780.990,11.409,LIVE,trajectory,accepted,swipe_left,0.2743,0.6000,calibrated(3 samples),swipe_right,0.5031,0.5452,True,left,"DRY RUN, would press left",31,2.063,1.2100,0.2043,still,
1788752784.065,14.483,LIVE,trajectory,accepted,swipe_left,0.3070,0.6000,calibrated(3 samples),swipe_right,0.4425,0.6939,True,left,"DRY RUN, would press left",29,2.002,1.3969,0.2360,still,
1788752787.200,17.619,LIVE,trajectory,accepted,swipe_left,0.1235,0.6000,calibrated(3 samples),swipe_right,0.5826,0.2121,True,left,"DRY RUN, would press left",29,1.872,1.0976,0.2113,still,
1788752813.799,13.129,LIVE,trajectory,accepted,swipe_right,0.1960,0.6000,calibrated(3 samples),swipe_left,0.3997,0.4904,True,right,pressed right,26,1.699,0.8894,0.1892,still,
1788752816.175,15.506,LIVE,trajectory,accepted,swipe_left,0.5185,0.6000,calibrated(3 samples),swipe_right,0.6576,0.7885,True,left,pressed left,21,1.359,0.3319,0.1518,still,
1788752818.409,17.739,LIVE,trajectory,rejected,swipe_right,0.5222,0.6000,calibrated(3 samples),swipe_left,0.5399,0.9672,False,,ambiguous vs swipe_left (ratio 0.97 > 0.80),16,1.352,1.2332,0.1882,still,
1788752820.127,19.457,LIVE,trajectory,accepted,swipe_left,0.5196,0.6000,calibrated(3 samples),swipe_right,0.6616,0.7853,True,left,pressed left,16,1.197,0.9879,0.1839,still,
1788752821.529,20.859,LIVE,trajectory,segment_rejected,,,,,,,,,,path_too_small(0.54<0.55),5,0.719,0.7841,0.2102,hand_lost,
1788752825.794,25.124,LIVE,trajectory,accepted,swipe_right,0.2151,0.6000,calibrated(3 samples),swipe_left,0.3662,0.5875,True,right,pressed right,52,4.065,2.8493,0.2562,still,
1788752828.323,27.654,LIVE,trajectory,accepted,swipe_right,0.0780,0.6000,calibrated(3 samples),swipe_left,0.3343,0.2334,True,right,pressed right,17,1.396,1.5138,0.2956,still,
1788752830.258,29.588,LIVE,trajectory,accepted,swipe_left,0.5195,0.6000,calibrated(3 samples),swipe_right,0.6892,0.7537,True,left,pressed left,16,1.263,1.2764,0.2119,still,
1788752838.168,37.498,LIVE,trajectory,rejected,swipe_right,0.4135,0.6000,calibrated(3 samples),swipe_left,0.4807,0.8602,False,,ambiguous vs swipe_left (ratio 0.86 > 0.80),19,1.542,2.5897,0.3316,still,
1788752840.338,39.668,LIVE,trajectory,rejected,swipe_right,0.3804,0.6000,calibrated(3 samples),swipe_left,0.4069,0.9349,False,,ambiguous vs swipe_left (ratio 0.93 > 0.80),22,2.130,1.8645,0.3603,still,
1788752843.464,42.794,LIVE,trajectory,accepted,swipe_right,0.1606,0.6000,calibrated(3 samples),swipe_left,0.3658,0.4390,True,right,pressed right,25,1.573,0.9749,0.2123,still,
1788752845.884,45.215,LIVE,trajectory,accepted,swipe_right,0.0693,0.6000,calibrated(3 samples),swipe_left,0.3168,0.2186,True,right,pressed right,20,1.266,0.9069,0.2086,still,
1788752847.843,47.174,LIVE,trajectory,accepted,swipe_left,0.5193,0.6000,calibrated(3 samples),swipe_right,0.6813,0.7622,True,left,pressed left,17,1.489,1.4046,0.2229,still,
1788752850.276,49.606,LIVE,trajectory,accepted,swipe_left,0.1233,0.6000,calibrated(3 samples),swipe_right,0.6714,0.1836,True,left,pressed left,18,1.449,2.8871,0.4710,still,
1788754904.184,15.462,LIVE,trajectory,segment_rejected,,,,,,,,,,path_too_small(0.43<0.55),10,0.607,0.1156,0.0462,still,
1788754907.578,18.857,LIVE,trajectory,rejected,swipe_left,0.3500,0.6000,calibrated(3 samples),swipe_right,0.3835,0.9128,False,,ambiguous vs swipe_right (ratio 0.91 > 0.80),39,2.867,0.3170,0.0940,still,
1788754909.528,20.806,LIVE,trajectory,accepted,swipe_left,0.4402,0.6000,calibrated(3 samples),swipe_right,0.5848,0.7527,True,left,pressed left,7,0.861,0.2193,0.1210,hand_lost,
1788754917.917,29.195,LIVE,trajectory,accepted,swipe_right,0.1191,0.6000,calibrated(3 samples),swipe_left,0.3481,0.3423,True,right,pressed right,27,1.729,0.7642,0.1918,still,
1788754921.257,32.535,LIVE,trajectory,accepted,swipe_left,0.3498,0.6000,calibrated(3 samples),swipe_right,0.4646,0.7530,True,left,pressed left,35,2.804,0.8695,0.2020,hand_lost,
1788754923.782,35.061,LIVE,trajectory,accepted,swipe_left,0.5152,0.6000,calibrated(3 samples),swipe_right,0.6534,0.7885,True,left,pressed left,4,0.670,0.7251,0.3415,hand_lost,
1788754926.434,37.712,LIVE,trajectory,accepted,swipe_right,0.3151,0.6000,calibrated(3 samples),swipe_left,0.5403,0.5832,True,right,pressed right,8,0.907,0.3295,0.1396,hand_lost,
1788754928.799,40.078,LIVE,trajectory,accepted,swipe_right,0.2994,0.6000,calibrated(3 samples),swipe_left,0.3822,0.7834,True,right,pressed right,25,1.556,0.4040,0.1494,still,
1788754929.503,40.781,LIVE,trajectory,segment_rejected,,,,,,,,,,path_too_small(0.18<0.55),4,0.664,0.1129,0.0502,hand_lost,
1788754931.210,42.488,LIVE,trajectory,accepted,swipe_left,0.5139,0.6000,calibrated(3 samples),swipe_right,0.6680,0.7693,True,left,pressed left,16,1.309,1.5038,0.2478,still,
1788754933.473,44.752,LIVE,trajectory,rejected,swipe_right,0.3540,0.6000,calibrated(3 samples),swipe_left,0.3981,0.8892,False,,ambiguous vs swipe_left (ratio 0.89 > 0.80),27,1.942,2.3151,0.4558,still,
1788754937.564,48.842,LIVE,trajectory,accepted,swipe_left,0.2623,0.6000,calibrated(3 samples),swipe_right,0.5797,0.4524,True,left,pressed left,25,2.129,1.4075,0.2980,hand_lost,
1788754941.118,52.397,LIVE,trajectory,accepted,swipe_left,0.3015,0.6000,calibrated(3 samples),swipe_right,0.4494,0.6710,True,left,pressed left,14,1.308,0.4320,0.1101,hand_lost,
1788754947.080,58.358,LIVE,trajectory,accepted,swipe_left,0.2792,0.6000,calibrated(3 samples),swipe_right,0.4475,0.6239,True,left,pressed left,23,2.377,1.4834,0.3103,hand_lost,
1788754950.277,61.555,LIVE,trajectory,accepted,swipe_right,0.3107,0.6000,calibrated(3 samples),swipe_left,0.4136,0.7512,True,right,pressed right,19,1.691,0.4009,0.1843,hand_lost,
1788754959.909,71.188,LIVE,trajectory,accepted,swipe_left,0.5225,0.6000,calibrated(3 samples),swipe_right,0.8851,0.5903,True,left,pressed left,23,1.490,0.3926,0.1370,still,
1788754961.415,72.693,LIVE,trajectory,accepted,swipe_left,0.1360,0.6000,calibrated(3 samples),swipe_right,0.2750,0.4945,True,left,pressed left,22,1.413,0.2748,0.1118,still,
1788754962.977,74.256,LIVE,trajectory,rejected,swipe_left,0.5222,0.6000,calibrated(3 samples),swipe_right,0.5836,0.8948,False,,ambiguous vs swipe_right (ratio 0.89 > 0.80),16,1.028,0.1237,0.0552,still,
1788754965.549,76.827,LIVE,trajectory,accepted,swipe_right,0.1184,0.6000,calibrated(3 samples),swipe_left,0.2182,0.5424,True,right,pressed right,23,2.516,1.2995,0.2593,hand_lost,
1788754970.688,81.966,LIVE,trajectory,accepted,swipe_left,0.2777,0.6000,calibrated(3 samples),swipe_right,0.5479,0.5068,True,left,pressed left,33,3.616,0.8398,0.2329,hand_lost,
1788754973.765,85.043,LIVE,trajectory,rejected,swipe_right,0.4153,0.6000,calibrated(3 samples),swipe_left,0.4231,0.9815,False,,ambiguous vs swipe_left (ratio 0.98 > 0.80),7,1.194,2.9073,0.6428,hand_lost,
1788754976.165,87.443,LIVE,trajectory,accepted,swipe_right,0.0712,0.6000,calibrated(3 samples),swipe_left,0.3247,0.2192,True,right,pressed right,22,1.401,0.5583,0.1836,still,
1788754978.545,89.824,LIVE,trajectory,rejected,swipe_left,0.3873,0.6000,calibrated(3 samples),swipe_right,0.4064,0.9529,False,,ambiguous vs swipe_right (ratio 0.95 > 0.80),27,2.036,1.4983,0.2442,still,
1788754980.515,91.794,LIVE,trajectory,segment_rejected,,,,,,,,,,path_too_small(0.34<0.55),4,0.677,0.2970,0.1106,hand_lost,
1788754993.147,104.426,LIVE,trajectory,accepted,swipe_left,0.3416,0.6000,calibrated(3 samples),swipe_right,0.6871,0.4972,True,left,pressed left,25,1.632,1.0665,0.1132,still,
1788754994.362,105.641,LIVE,trajectory,segment_rejected,,,,,,,,,,path_too_small(0.31<0.55),11,0.667,0.0665,0.0295,still,
1788755000.684,111.963,LIVE,trajectory,accepted,swipe_right,0.2550,0.6000,calibrated(3 samples),swipe_left,0.4614,0.5527,True,right,pressed right,13,0.819,0.1887,0.0521,still,
1788755004.152,115.431,LIVE,trajectory,rejected,swipe_right,0.4930,0.6000,calibrated(3 samples),swipe_left,0.5602,0.8801,False,,ambiguous vs swipe_left (ratio 0.88 > 0.80),22,1.426,0.2928,0.1239,still,
1788755007.353,118.632,LIVE,trajectory,rejected,swipe_right,0.3866,0.6000,calibrated(3 samples),swipe_left,0.3970,0.9737,False,,ambiguous vs swipe_left (ratio 0.97 > 0.80),28,1.841,0.1041,0.0558,still,
1788755008.114,119.393,LIVE,trajectory,rejected,swipe_left,0.5156,0.6000,calibrated(3 samples),swipe_right,0.6135,0.8404,False,,ambiguous vs swipe_right (ratio 0.84 > 0.80),11,0.696,0.2069,0.0742,still,
1788755011.164,122.442,LIVE,trajectory,accepted,swipe_left,0.3583,0.6000,calibrated(3 samples),swipe_right,0.4600,0.7790,True,left,pressed left,36,2.385,0.2791,0.0941,still,
1788755016.395,127.673,LIVE,trajectory,accepted,swipe_left,0.4339,0.6000,calibrated(3 samples),swipe_right,0.8146,0.5327,True,left,pressed left,13,0.815,0.1047,0.0476,still,
1788755017.819,129.097,LIVE,trajectory,rejected,swipe_right,0.4989,0.6000,calibrated(3 samples),swipe_left,0.5163,0.9663,False,,ambiguous vs swipe_left (ratio 0.97 > 0.80),10,1.088,0.0916,0.0715,hand_lost,
1788755031.451,142.730,LIVE,trajectory,accepted,swipe_right,0.2151,0.6000,calibrated(3 samples),swipe_left,0.3862,0.5571,True,right,pressed right,21,1.330,0.2839,0.1152,still,
1788755033.182,144.461,LIVE,trajectory,accepted,swipe_left,0.3478,0.6000,calibrated(3 samples),swipe_right,0.4459,0.7801,True,left,pressed left,19,1.667,0.2931,0.1303,hand_lost,
1788755034.992,146.270,LIVE,trajectory,accepted,swipe_right,0.3511,0.6000,calibrated(3 samples),swipe_left,0.5659,0.6205,True,right,pressed right,13,0.807,0.9498,0.1859,still,
1788755037.852,149.131,LIVE,trajectory,accepted,swipe_left,0.2719,0.6000,calibrated(3 samples),swipe_right,0.4607,0.5903,True,left,pressed left,22,1.404,0.0827,0.0389,still,
1788755039.053,150.331,LIVE,trajectory,rejected,swipe_left,0.5065,0.6000,calibrated(3 samples),swipe_right,0.6119,0.8277,False,,ambiguous vs swipe_right (ratio 0.83 > 0.80),14,0.864,0.0960,0.0539,still,
1788755043.390,154.669,LIVE,trajectory,rejected,swipe_left,0.5064,0.6000,calibrated(3 samples),swipe_right,0.5224,0.9694,False,,ambiguous vs swipe_right (ratio 0.97 > 0.80),15,0.941,0.1428,0.0635,still,
1788755045.243,156.521,LIVE,trajectory,segment_rejected,,,,,,,,,,path_too_small(0.54<0.55),13,0.798,0.1046,0.0445,still,
1788755053.385,164.663,LIVE,trajectory,rejected,swipe_left,0.4212,0.6000,calibrated(3 samples),swipe_right,0.4308,0.9778,False,,ambiguous vs swipe_right (ratio 0.98 > 0.80),16,1.010,0.2063,0.0537,still,
1788755055.914,167.193,LIVE,trajectory,accepted,swipe_left,0.2688,0.6000,calibrated(3 samples),swipe_right,0.4823,0.5573,True,left,pressed left,27,2.065,1.0967,0.1494,still,
1788755061.450,172.728,LIVE,trajectory,accepted,swipe_left,0.4289,0.6000,calibrated(3 samples),swipe_right,0.6926,0.6192,True,left,pressed left,10,0.606,0.4590,0.0999,still,
1788755070.668,181.946,LIVE,trajectory,rejected,swipe_left,0.3861,0.6000,calibrated(3 samples),swipe_right,0.3910,0.9875,False,,ambiguous vs swipe_right (ratio 0.99 > 0.80),22,1.407,0.0967,0.0361,still,
1788755072.587,183.866,LIVE,trajectory,segment_rejected,,,,,,,,,,path_too_small(0.42<0.55),8,0.943,0.0952,0.0552,hand_lost,
1788755082.925,194.204,LIVE,trajectory,accepted,swipe_left,0.3428,0.6000,calibrated(3 samples),swipe_right,0.4649,0.7375,True,left,pressed left,4,0.670,0.3301,0.1868,hand_lost,
1788755091.448,202.727,LIVE,trajectory,accepted,swipe_left,0.4780,0.6000,calibrated(3 samples),swipe_right,0.8805,0.5428,True,left,pressed left,16,1.006,0.3290,0.1265,still,
1788755093.323,204.601,LIVE,trajectory,rejected,swipe_right,0.4788,0.6000,calibrated(3 samples),swipe_left,0.4874,0.9822,False,,ambiguous vs swipe_left (ratio 0.98 > 0.80),21,1.810,0.4311,0.1756,hand_lost,
1788755095.113,206.391,LIVE,trajectory,segment_rejected,,,,,,,,,,path_too_small(0.46<0.55),9,0.527,0.1805,0.0512,still,
1788755096.722,208.001,LIVE,trajectory,rejected,swipe_left,0.3987,0.6000,calibrated(3 samples),swipe_right,0.4415,0.9032,False,,ambiguous vs swipe_right (ratio 0.90 > 0.80),17,1.535,0.3061,0.1566,hand_lost,
1788755099.271,210.549,LIVE,trajectory,rejected,swipe_left,0.4335,0.6000,calibrated(3 samples),swipe_right,0.4738,0.9150,False,,ambiguous vs swipe_right (ratio 0.91 > 0.80),20,1.268,1.0480,0.1440,still,
1788755105.276,216.554,LIVE,trajectory,accepted,swipe_left,0.5068,0.6000,calibrated(3 samples),swipe_right,0.6445,0.7864,True,left,pressed left,10,1.050,1.4069,0.3314,hand_lost,
1788755110.054,221.332,LIVE,trajectory,accepted,swipe_right,0.3505,0.6000,calibrated(3 samples),swipe_left,0.4422,0.7927,True,right,pressed right,22,1.852,0.3787,0.1493,hand_lost,
1788755112.425,223.704,LIVE,trajectory,rejected,swipe_left,0.4473,0.6000,calibrated(3 samples),swipe_right,0.5552,0.8058,False,,ambiguous vs swipe_right (ratio 0.81 > 0.80),10,1.066,0.9043,0.2361,hand_lost,
1788755120.681,231.960,LIVE,trajectory,accepted,swipe_right,0.3004,0.6000,calibrated(3 samples),swipe_left,0.4985,0.6026,True,right,pressed right,32,2.044,0.2128,0.0672,still,
1788755123.016,234.294,LIVE,trajectory,segment_rejected,,,,,,,,,,path_too_small(0.46<0.55),12,0.743,0.0919,0.0405,still,
1788755130.543,241.821,LIVE,trajectory,accepted,swipe_left,0.3099,0.6000,calibrated(3 samples),swipe_right,0.7501,0.4131,True,left,pressed left,19,1.203,0.1382,0.0624,still,
1788755132.330,243.609,LIVE,trajectory,accepted,swipe_left,0.3536,0.6000,calibrated(3 samples),swipe_right,0.7406,0.4775,True,left,pressed left,14,0.864,0.0701,0.0492,still,
1788755135.748,247.027,LIVE,trajectory,rejected,swipe_left,0.3841,0.6000,calibrated(3 samples),swipe_right,0.4745,0.8094,False,,ambiguous vs swipe_right (ratio 0.81 > 0.80),20,1.295,0.1655,0.0789,still,
1788755139.669,250.948,LIVE,trajectory,accepted,swipe_right,0.3210,0.6000,calibrated(3 samples),swipe_left,0.4040,0.7946,True,right,pressed right,40,2.863,0.5646,0.1195,still,
1788755154.010,265.288,LIVE,trajectory,accepted,swipe_right,0.3927,0.6000,calibrated(3 samples),swipe_left,0.5921,0.6633,True,right,pressed right,13,1.598,0.6483,0.1608,hand_lost,
1788755155.484,266.762,LIVE,trajectory,accepted,swipe_right,0.2663,0.6000,calibrated(3 samples),swipe_left,0.4499,0.5919,True,right,pressed right,12,1.416,0.5756,0.1880,hand_lost,
1788755156.682,267.960,LIVE,trajectory,accepted,swipe_left,0.5384,0.6000,calibrated(3 samples),swipe_right,0.8175,0.6587,True,left,pressed left,11,1.142,5.4881,1.2499,hand_lost,
1788755160.862,272.141,LIVE,trajectory,accepted,swipe_left,0.4215,0.6000,calibrated(3 samples),swipe_right,0.5579,0.7555,True,left,pressed left,11,0.659,0.6113,0.1210,still,
1788755171.532,282.810,LIVE,trajectory,rejected,swipe_right,0.4342,0.6000,calibrated(3 samples),swipe_left,0.5383,0.8066,False,,ambiguous vs swipe_left (ratio 0.81 > 0.80),21,1.334,0.3423,0.1062,still,
1788755173.532,284.810,LIVE,trajectory,accepted,swipe_left,0.4077,0.6000,calibrated(3 samples),swipe_right,0.6326,0.6446,True,left,pressed left,20,1.465,0.4908,0.0884,still,
1788755177.260,288.538,LIVE,trajectory,rejected,swipe_left,0.7383,0.6000,calibrated(3 samples),swipe_right,0.9464,0.7801,False,,distance over threshold,17,1.063,1.5323,0.2587,still,
1788755179.942,291.220,LIVE,trajectory,accepted,swipe_right,0.1041,0.6000,calibrated(3 samples),swipe_left,0.6395,0.1627,True,right,pressed right,9,0.988,0.3214,0.1564,hand_lost,
1788755188.010,299.288,LIVE,trajectory,accepted,swipe_left,0.2858,0.6000,calibrated(3 samples),swipe_right,0.4378,0.6529,True,left,pressed left,12,0.739,0.6141,0.1256,still,
1788755188.729,300.007,LIVE,trajectory,segment_rejected,,,,,,,,,,path_too_small(0.49<0.55),11,0.673,0.0962,0.0527,still,
1788755191.146,302.425,LIVE,trajectory,rejected,swipe_left,0.3467,0.6000,calibrated(3 samples),swipe_right,0.3524,0.9837,False,,ambiguous vs swipe_right (ratio 0.98 > 0.80),28,1.935,0.9041,0.1214,still,
1788755192.327,303.606,LIVE,trajectory,segment_rejected,,,,,,,,,,path_too_small(0.39<0.55),10,0.587,0.0593,0.0428,still,
1788755193.198,304.477,LIVE,trajectory,accepted,swipe_right,0.1712,0.6000,calibrated(3 samples),swipe_left,0.2638,0.6489,True,right,pressed right,13,0.803,0.1312,0.0515,still,
1788755196.795,308.073,LIVE,trajectory,accepted,swipe_left,0.4526,0.6000,calibrated(3 samples),swipe_right,0.6250,0.7241,True,left,pressed left,24,1.728,1.1073,0.1284,still,
1788755200.830,312.108,LIVE,trajectory,accepted,swipe_left,0.2603,0.6000,calibrated(3 samples),swipe_right,0.7491,0.3475,True,left,pressed left,9,1.355,0.4834,0.1337,hand_lost,
1788755201.467,312.746,LIVE,trajectory,segment_rejected,,,,,,,,,,path_too_small(0.45<0.55),9,0.523,0.2192,0.0512,still,
1788755208.981,320.260,LIVE,trajectory,accepted,swipe_left,0.0565,0.6000,calibrated(3 samples),swipe_right,0.6081,0.0929,True,left,pressed left,17,1.966,0.4860,0.1653,hand_lost,
1788755340.887,99.680,LIVE,trajectory,accepted,test,0.0428,0.6000,calibrated(3 samples),swipe_left,0.5153,0.0830,True,None,no action mapped in gestures.yaml,32,2.060,0.4219,0.1441,still,
1788755341.969,100.762,LIVE,trajectory,segment_rejected,,,,,,,,,,path_too_small(0.27<0.55),4,0.677,0.1828,0.0718,hand_lost,
1788755346.246,105.039,LIVE,trajectory,accepted,swipe_right,0.2661,0.6000,calibrated(3 samples),test,0.4015,0.6626,True,right,"DRY RUN, would press right",42,2.881,1.3161,0.2108,still,
1788755348.980,107.773,LIVE,trajectory,accepted,swipe_right,0.0806,0.6000,calibrated(3 samples),swipe_left,0.2584,0.3118,True,right,"DRY RUN, would press right",10,1.070,0.3172,0.1499,hand_lost,
1788755350.181,108.974,LIVE,trajectory,accepted,test,0.1479,0.6000,calibrated(3 samples),swipe_left,0.5148,0.2874,True,None,no action mapped in gestures.yaml,8,0.927,1.0070,0.2874,hand_lost,
1788755353.591,112.384,LIVE,trajectory,accepted,swipe_left,0.1561,0.6000,calibrated(3 samples),swipe_right,0.5549,0.2814,True,left,"DRY RUN, would press left",32,2.064,1.1659,0.1999,still,
1788755357.400,116.193,LIVE,trajectory,accepted,test,0.1854,0.6000,calibrated(3 samples),swipe_right,0.3705,0.5005,True,None,no action mapped in gestures.yaml,12,1.198,0.3401,0.1357,hand_lost,
1788755360.550,119.343,LIVE,trajectory,accepted,swipe_left,0.3211,0.6000,calibrated(3 samples),swipe_right,0.4610,0.6965,True,left,"DRY RUN, would press left",25,1.617,0.4985,0.0829,still,
1788755363.689,122.481,LIVE,trajectory,rejected,swipe_left,0.3923,0.6000,calibrated(3 samples),swipe_right,0.4090,0.9590,False,,ambiguous vs swipe_right (ratio 0.96 > 0.80),29,2.003,0.3449,0.1243,still,
1788755364.363,123.155,LIVE,trajectory,segment_rejected,,,,,,,,,,path_too_small(0.44<0.55),10,0.614,0.0981,0.0515,still,
1788755369.366,128.159,LIVE,trajectory,rejected,swipe_right,0.2852,0.6000,calibrated(3 samples),test,0.3321,0.8588,False,,ambiguous vs test (ratio 0.86 > 0.80),12,1.199,2.8047,0.5326,hand_lost,
1788755375.320,134.113,LIVE,trajectory,rejected,swipe_right,0.3992,0.6000,calibrated(3 samples),test,0.4009,0.9958,False,,ambiguous vs test (ratio 1.00 > 0.80),14,0.863,1.4168,0.2756,still,
1788755378.262,137.055,LIVE,trajectory,rejected,test,0.2355,0.6000,calibrated(3 samples),swipe_right,0.2505,0.9400,False,,ambiguous vs swipe_right (ratio 0.94 > 0.80),29,2.672,5.7427,0.5368,hand_lost,
1788755382.409,141.202,LIVE,trajectory,accepted,swipe_right,0.2675,0.6000,calibrated(3 samples),test,0.4045,0.6613,True,right,"DRY RUN, would press right",26,2.544,2.5717,0.4029,hand_lost,
1788755383.820,142.613,LIVE,trajectory,accepted,test,0.1235,0.6000,calibrated(3 samples),swipe_left,0.5104,0.2419,True,None,no action mapped in gestures.yaml,9,1.010,1.3990,0.3572,hand_lost,
1788755389.296,148.089,LIVE,trajectory,accepted,test,0.2373,0.6000,calibrated(3 samples),swipe_right,0.3282,0.7230,True,None,no action mapped in gestures.yaml,17,1.534,1.9602,0.2941,hand_lost,
1788755390.423,149.215,LIVE,trajectory,segment_rejected,,,,,,,,,,too_short(3f<4f),3,0.590,0.3987,0.1725,hand_lost,
1788755393.364,152.157,LIVE,trajectory,accepted,test,0.1268,0.6000,calibrated(3 samples),swipe_left,0.5064,0.2505,True,None,no action mapped in gestures.yaml,12,0.736,0.6067,0.1261,still,
1788755397.175,155.967,LIVE,trajectory,accepted,test,0.0211,0.6000,calibrated(3 samples),swipe_right,0.5217,0.0404,True,None,no action mapped in gestures.yaml,57,3.746,0.2042,0.1146,still,
1788755398.311,157.103,LIVE,trajectory,segment_rejected,,,,,,,,,,path_too_small(0.25<0.55),4,0.671,0.1066,0.0725,hand_lost,
1788755405.863,164.656,LIVE,trajectory,accepted,swipe_left,0.2219,0.6000,calibrated(3 samples),swipe_right,0.5037,0.4405,True,left,"DRY RUN, would press left",88,6.017,2.6757,0.2717,still,
1788755407.462,166.255,LIVE,trajectory,accepted,test,0.0463,0.6000,calibrated(3 samples),swipe_right,0.4927,0.0939,True,None,no action mapped in gestures.yaml,23,1.452,0.4080,0.1675,still,
1788755805.746,28.657,LIVE,trajectory,rejected,swipe_left,0.3362,0.6000,calibrated(3 samples),test,0.3760,0.8940,False,,ambiguous vs test (ratio 0.89 > 0.80),7,0.940,0.5484,0.1897,hand_lost,
1788755810.023,32.934,LIVE,trajectory,rejected,swipe_right,0.4110,0.6000,calibrated(3 samples),swipe_left,0.4987,0.8242,False,,ambiguous vs swipe_left (ratio 0.82 > 0.80),9,1.056,0.2302,0.1160,hand_lost,
1788755813.892,36.803,LIVE,trajectory,accepted,test,0.1307,0.6000,calibrated(3 samples),swipe_right,0.2761,0.4735,True,None,no action mapped in gestures.yaml,20,2.106,1.1387,0.2288,hand_lost,
1788755821.049,43.960,LIVE,trajectory,accepted,swipe_right,0.2297,0.6000,calibrated(3 samples),test,0.3573,0.6428,True,right,pressed right,30,1.937,1.0960,0.2064,still,
1788755822.576,45.486,LIVE,trajectory,segment_rejected,,,,,,,,,,path_too_small(0.43<0.55),4,0.694,0.2054,0.1184,hand_lost,
1788755825.942,48.853,LIVE,trajectory,accepted,swipe_right,0.2935,0.6000,calibrated(3 samples),test,0.4261,0.6887,True,right,pressed right,16,1.483,0.8233,0.2554,hand_lost,
1788755828.573,51.483,LIVE,trajectory,accepted,swipe_right,0.0898,0.6000,calibrated(3 samples),test,0.1139,0.7885,True,right,pressed right,25,1.583,0.5891,0.1777,still,
1788755832.091,55.002,LIVE,trajectory,accepted,swipe_left,0.3519,0.6000,calibrated(3 samples),swipe_right,0.4845,0.7263,True,left,pressed left,25,3.269,5.9442,0.5870,hand_lost,
1788755834.623,57.534,LIVE,trajectory,accepted,swipe_left,0.1552,0.6000,calibrated(3 samples),swipe_right,0.4111,0.3775,True,left,pressed left,8,1.242,1.1383,0.3213,hand_lost,
1788755837.575,60.486,LIVE,trajectory,rejected,swipe_right,0.2664,0.6000,calibrated(3 samples),test,0.3000,0.8880,False,,ambiguous vs test (ratio 0.89 > 0.80),17,1.648,7.4728,0.6435,hand_lost,
1788755840.829,63.740,LIVE,trajectory,accepted,swipe_right,0.0539,0.6000,calibrated(3 samples),test,0.1168,0.4614,True,right,pressed right,27,2.211,0.5249,0.1914,hand_lost,
1788755843.568,66.479,LIVE,trajectory,accepted,swipe_right,0.2198,0.6000,calibrated(3 samples),test,0.3505,0.6271,True,right,pressed right,21,1.853,0.8510,0.2520,hand_lost,
1788755846.112,69.022,LIVE,trajectory,accepted,swipe_right,0.1816,0.6000,calibrated(3 samples),test,0.3066,0.5925,True,right,pressed right,18,1.573,0.6813,0.2417,hand_lost,
1788755848.863,71.773,LIVE,trajectory,accepted,swipe_right,0.2336,0.6000,calibrated(3 samples),test,0.3676,0.6355,True,right,pressed right,21,1.790,0.7874,0.2234,hand_lost,
1788755855.022,77.933,LIVE,trajectory,accepted,test,0.0268,0.6000,calibrated(3 samples),swipe_left,0.5201,0.0515,True,None,no action mapped in gestures.yaml,5,0.830,0.2312,0.1263,hand_lost,
1788755858.762,81.673,LIVE,trajectory,accepted,test,0.1257,0.6000,calibrated(3 samples),swipe_left,0.5203,0.2416,True,None,no action mapped in gestures.yaml,16,1.533,0.3288,0.1827,hand_lost,
1788755928.360,151.271,LIVE,trajectory,accepted,test,0.2603,0.6000,calibrated(3 samples),swipe_left,0.4399,0.5916,True,None,no action mapped in gestures.yaml,7,1.549,0.6156,0.1429,hand_lost,
1788756103.716,326.627,LIVE,trajectory,accepted,test,0.2099,0.6000,calibrated(3 samples),swipe_left,0.4886,0.4295,True,None,no action mapped in gestures.yaml,16,1.634,1.3920,0.2051,still,
1788756105.964,328.875,LIVE,trajectory,segment_rejected,,,,,,,,,,path_too_small(0.52<0.55),10,1.979,0.0881,0.0599,hand_lost,
1788756953.656,18.907,LIVE,trajectory,rejected,swipe_right,0.2166,0.6000,calibrated(3 samples),test,0.2483,0.8722,False,,ambiguous vs test (ratio 0.87 > 0.80),14,5.154,1.4868,0.5505,hand_lost,
1788756965.278,30.530,LIVE,trajectory,accepted,swipe_right,0.2263,0.6000,calibrated(3 samples),test,0.3484,0.6497,True,right,pressed right,32,2.073,0.8559,0.1834,still,
1788756966.415,31.667,LIVE,trajectory,segment_rejected,,,,,,,,,,path_too_small(0.49<0.55),5,0.736,0.1657,0.1031,hand_lost,
1788756970.889,36.140,LIVE,trajectory,accepted,swipe_right,0.1343,0.6000,calibrated(3 samples),test,0.1880,0.7145,True,right,pressed right,29,1.832,0.6858,0.1852,still,
1788756972.500,37.751,LIVE,trajectory,accepted,test,0.0934,0.6000,calibrated(3 samples),swipe_left,0.5099,0.1832,True,None,no action mapped in gestures.yaml,17,1.334,1.5275,0.2578,still,
1788756974.030,39.282,LIVE,trajectory,accepted,test,0.0192,0.6000,calibrated(3 samples),swipe_right,0.5227,0.0367,True,None,no action mapped in gestures.yaml,20,1.394,0.8578,0.1745,still,
1788756977.236,42.488,LIVE,trajectory,accepted,swipe_right,0.3059,0.6000,calibrated(3 samples),test,0.4447,0.6878,True,right,pressed right,31,2.733,1.1218,0.2432,still,
1788756979.471,44.722,LIVE,trajectory,rejected,swipe_left,0.3951,0.6000,calibrated(3 samples),swipe_right,0.4091,0.9657,False,,ambiguous vs swipe_right (ratio 0.97 > 0.80),25,2.174,1.6235,0.3084,still,
1788756983.111,48.363,LIVE,trajectory,accepted,swipe_right,0.2611,0.6000,calibrated(3 samples),test,0.3856,0.6772,True,right,pressed right,27,2.020,1.1351,0.2463,still,
1788756984.970,50.222,LIVE,trajectory,accepted,test,0.0854,0.6000,calibrated(3 samples),swipe_left,0.5212,0.1639,True,None,no action mapped in gestures.yaml,13,0.800,0.8455,0.2003,still,
1788756985.973,51.225,LIVE,trajectory,accepted,test,0.0458,0.6000,calibrated(3 samples),swipe_right,0.4990,0.0918,True,None,no action mapped in gestures.yaml,7,0.916,0.3100,0.1487,hand_lost,
1788756987.328,52.580,LIVE,trajectory,accepted,test,0.1918,0.6000,calibrated(3 samples),swipe_left,0.4290,0.4471,True,None,no action mapped in gestures.yaml,12,1.211,0.6041,0.1274,hand_lost,
1788756989.785,55.036,LIVE,trajectory,accepted,swipe_right,0.1405,0.6000,calibrated(3 samples),test,0.2782,0.5051,True,right,pressed right,22,1.620,0.9213,0.2428,still,
1788756992.525,57.777,LIVE,trajectory,rejected,swipe_right,0.3659,0.6000,calibrated(3 samples),swipe_left,0.4157,0.8802,False,,ambiguous vs swipe_left (ratio 0.88 > 0.80),29,2.407,1.6306,0.2640,still,
1788756993.672,58.924,LIVE,trajectory,segment_rejected,,,,,,,,,,path_too_small(0.20<0.55),4,0.696,0.1267,0.0570,hand_lost,
1788756996.377,61.629,LIVE,trajectory,accepted,test,0.1253,0.6000,calibrated(3 samples),swipe_left,0.4283,0.2926,True,None,no action mapped in gestures.yaml,32,2.568,0.3935,0.1416,hand_lost,
1788756999.250,64.501,LIVE,trajectory,accepted,swipe_left,0.0669,0.6000,calibrated(3 samples),swipe_right,0.5850,0.1144,True,left,pressed left,30,1.926,0.6636,0.1479,still,
1788757000.906,66.158,LIVE,trajectory,accepted,test,0.1201,0.6000,calibrated(3 samples),swipe_right,0.4436,0.2709,True,None,no action mapped in gestures.yaml,15,1.255,1.4605,0.2413,still,
1788757002.521,67.774,LIVE,trajectory,accepted,test,0.1781,0.6000,calibrated(3 samples),swipe_left,0.5191,0.3431,True,None,no action mapped in gestures.yaml,22,1.408,0.3406,0.1480,still,
1788757005.645,70.897,LIVE,trajectory,rejected,swipe_left,0.3724,0.6000,calibrated(3 samples),swipe_right,0.4131,0.9015,False,,ambiguous vs swipe_right (ratio 0.90 > 0.80),34,2.395,1.2071,0.1833,still,
1788757013.489,78.741,LIVE,trajectory,accepted,swipe_left,0.2448,0.6000,calibrated(3 samples),swipe_right,0.5175,0.4731,True,left,pressed left,31,2.002,0.9204,0.1840,still,
1788757016.772,82.024,LIVE,trajectory,rejected,swipe_left,0.3590,0.6000,calibrated(3 samples),swipe_right,0.4189,0.8569,False,,ambiguous vs swipe_right (ratio 0.86 > 0.80),36,2.800,1.5140,0.2263,still,
1788757021.623,86.875,LIVE,trajectory,accepted,test,0.1655,0.6000,calibrated(3 samples),swipe_right,0.3750,0.4412,True,None,no action mapped in gestures.yaml,25,2.054,0.3180,0.1507,hand_lost,
1788757025.546,90.798,LIVE,trajectory,accepted,test,0.2026,0.6000,calibrated(3 samples),swipe_left,0.3571,0.5674,True,None,no action mapped in gestures.yaml,19,1.600,1.6603,0.2338,still,
1788757027.807,93.059,LIVE,trajectory,rejected,swipe_right,0.3580,0.6000,calibrated(3 samples),swipe_left,0.3721,0.9620,False,,ambiguous vs swipe_left (ratio 0.96 > 0.80),18,1.870,1.4411,0.3173,still,
1788757028.949,94.201,LIVE,trajectory,segment_rejected,,,,,,,,,,path_too_small(0.46<0.55),5,0.737,0.2556,0.0925,hand_lost,
1788757030.401,95.652,LIVE,trajectory,accepted,swipe_left,0.0837,0.6000,calibrated(3 samples),test,0.4598,0.1820,True,left,pressed left,22,1.389,1.0019,0.2224,still,
1788757031.952,97.204,LIVE,trajectory,segment_rejected,,,,,,,,,,path_too_small(0.51<0.55),8,0.940,0.1412,0.0701,hand_lost,
1788757033.745,98.997,LIVE,trajectory,accepted,swipe_left,0.0984,0.6000,calibrated(3 samples),swipe_right,0.6066,0.1622,True,left,pressed left,27,1.729,1.2481,0.2340,still,
1788757036.343,101.594,LIVE,trajectory,accepted,swipe_left,0.0749,0.6000,calibrated(3 samples),test,0.5972,0.1254,True,left,pressed left,17,1.406,1.7548,0.3067,still,
1788757077.215,142.467,LIVE,trajectory,rejected,test,0.2876,0.6000,calibrated(3 samples),swipe_left,0.2979,0.9655,False,,ambiguous vs swipe_left (ratio 0.97 > 0.80),12,3.551,2.1890,0.6543,hand_lost,
1788757176.456,241.708,LIVE,trajectory,accepted,swipe_right,0.4619,0.6000,calibrated(3 samples),swipe_left,0.6737,0.6856,True,right,pressed right,7,2.495,0.9278,0.2955,hand_lost,
1788757181.792,247.044,LIVE,trajectory,segment_rejected,,,,,,,,,,path_too_small(0.39<0.55),7,2.933,0.0998,0.0550,hand_lost,
1788757185.623,250.875,LIVE,trajectory,rejected,swipe_left,0.3470,0.6000,calibrated(3 samples),test,0.4093,0.8480,False,,ambiguous vs test (ratio 0.85 > 0.80),15,3.421,0.2835,0.1056,still,
1788757188.356,253.608,LIVE,trajectory,segment_rejected,,,,,,,,,,too_short(3f<4f),3,2.629,0.1042,0.0853,hand_lost,
1788757217.723,282.975,LIVE,trajectory,rejected,swipe_left,0.3643,0.6000,calibrated(3 samples),swipe_right,0.4498,0.8100,False,,ambiguous vs swipe_right (ratio 0.81 > 0.80),7,2.717,0.3407,0.1754,hand_lost,
1788757246.169,311.421,LIVE,trajectory,accepted,swipe_right,0.2041,0.6000,calibrated(3 samples),test,0.2710,0.7531,True,right,pressed right,22,1.727,1.0623,0.2020,still,
1788757247.388,312.640,LIVE,trajectory,accepted,swipe_left,0.4363,0.6000,calibrated(3 samples),test,0.6465,0.6748,True,left,pressed left,4,0.670,2.8983,0.7595,hand_lost,
1788757259.107,324.359,LIVE,trajectory,rejected,swipe_left,0.3307,0.6000,calibrated(3 samples),swipe_right,0.3610,0.9162,False,,ambiguous vs swipe_right (ratio 0.92 > 0.80),30,8.878,2.8777,0.6374,hand_lost,
1788757265.480,330.732,LIVE,trajectory,accepted,swipe_right,0.0905,0.6000,calibrated(3 samples),test,0.1170,0.7741,True,right,pressed right,27,2.127,1.6006,0.2097,still,
1788757266.893,332.145,LIVE,trajectory,accepted,test,0.0661,0.6000,calibrated(3 samples),swipe_left,0.5214,0.1268,True,None,no action mapped in gestures.yaml,15,1.205,2.3830,0.3440,still,
1788757269.290,334.542,LIVE,trajectory,accepted,test,0.0239,0.6000,calibrated(3 samples),swipe_right,0.5182,0.0462,True,None,no action mapped in gestures.yaml,18,1.466,1.3081,0.2248,still,
1788757271.293,336.545,LIVE,trajectory,accepted,test,0.0718,0.6000,calibrated(3 samples),swipe_left,0.4791,0.1499,True,None,no action mapped in gestures.yaml,17,1.410,6.7582,0.5427,still,
1788757273.839,339.091,LIVE,trajectory,accepted,test,0.0317,0.6000,calibrated(3 samples),swipe_right,0.4988,0.0635,True,None,no action mapped in gestures.yaml,25,2.066,0.3213,0.1590,hand_lost,
1788757626.172,691.423,LIVE,trajectory,accepted,test,0.1348,0.6000,calibrated(3 samples),swipe_right,0.2621,0.5143,True,None,no action mapped in gestures.yaml,16,1.465,0.4243,0.1326,hand_lost,
1788757630.101,695.353,LIVE,trajectory,accepted,swipe_right,0.0983,0.6000,calibrated(3 samples),test,0.2293,0.4289,True,right,pressed right,33,2.130,0.7341,0.1418,still,
1788757633.571,698.823,LIVE,trajectory,accepted,swipe_left,0.1850,0.6000,calibrated(3 samples),test,0.4593,0.4027,True,left,pressed left,40,3.137,1.2742,0.2166,still,
1788757634.865,700.116,LIVE,trajectory,accepted,swipe_right,0.2042,0.6000,calibrated(3 samples),swipe_left,0.2834,0.7205,True,right,pressed right,6,1.205,2.3084,0.4843,hand_lost,
1788757661.525,726.777,LIVE,trajectory,accepted,swipe_right,0.2435,0.6000,calibrated(3 samples),swipe_left,0.3298,0.7383,True,right,pressed right,49,3.994,1.6265,0.1899,hand_lost,
1788757675.943,741.195,LIVE,trajectory,rejected,test,0.2831,0.6000,calibrated(3 samples),swipe_right,0.3327,0.8508,False,,ambiguous vs swipe_right (ratio 0.85 > 0.80),23,1.475,1.5373,0.2688,still,
1788757677.679,742.930,LIVE,trajectory,accepted,swipe_left,0.4159,0.6000,calibrated(3 samples),test,0.5615,0.7408,True,left,pressed left,15,1.603,0.7847,0.2129,hand_lost,
1788757687.905,753.157,LIVE,trajectory,accepted,swipe_left,0.3114,0.6000,calibrated(3 samples),swipe_right,0.4652,0.6694,True,left,pressed left,21,6.266,2.0619,0.5791,hand_lost,
1788757702.887,768.139,LIVE,trajectory,accepted,swipe_right,0.1944,0.6000,calibrated(3 samples),swipe_left,0.5195,0.3742,True,right,pressed right,24,4.298,1.2498,0.2210,still,
1788757704.468,769.720,LIVE,trajectory,segment_rejected,,,,,,,,,,path_too_small(0.37<0.55),10,1.147,0.0929,0.0421,still,
1788757727.604,792.855,LIVE,trajectory,accepted,swipe_left,0.0878,0.6000,calibrated(3 samples),swipe_right,0.3385,0.2593,True,left,pressed left,37,4.438,1.5453,0.1268,still,
1788757728.941,794.193,LIVE,trajectory,segment_rejected,,,,,,,,,,path_too_small(0.28<0.55),10,1.000,0.0771,0.0314,still,
1788757731.262,796.514,LIVE,trajectory,accepted,swipe_left,0.4301,0.6000,calibrated(3 samples),swipe_right,0.5801,0.7414,True,left,pressed left,14,1.959,0.6080,0.1006,still,
1788757734.441,799.693,LIVE,trajectory,accepted,test,0.2859,0.6000,calibrated(3 samples),swipe_left,0.3847,0.7432,True,None,no action mapped in gestures.yaml,12,2.159,0.1876,0.0698,still,
1788757739.608,804.860,LIVE,trajectory,accepted,test,0.3440,0.6000,calibrated(3 samples),swipe_left,0.4306,0.7989,True,None,no action mapped in gestures.yaml,11,5.013,1.7300,0.4062,hand_lost,
1788757786.427,851.679,LIVE,trajectory,accepted,swipe_left,0.2254,0.6000,calibrated(3 samples),swipe_right,0.5342,0.4219,True,left,pressed left,39,6.233,1.3539,0.2354,still,
1788757789.758,855.010,LIVE,trajectory,rejected,swipe_right,0.4062,0.6000,calibrated(3 samples),swipe_left,0.4883,0.8320,False,,ambiguous vs swipe_left (ratio 0.83 > 0.80),14,3.170,2.9638,0.7011,hand_lost,
1788757855.703,920.955,LIVE,trajectory,rejected,test,0.1746,0.6000,calibrated(3 samples),swipe_right,0.1943,0.8984,False,,ambiguous vs swipe_right (ratio 0.90 > 0.80),13,2.491,1.0089,0.3116,hand_lost,
1789280460.631,25.822,LIVE,trajectory,rejected,,inf,0.0000,,,,,False,,no trajectory gestures recorded,24,3.758,0.4973,0.1106,still,
1789280462.208,27.399,LIVE,builtin,accepted,thumbs_up,,,,,,,True,start_presentation,"DRY RUN, would press f5",,,,,,
1789280465.227,30.418,LIVE,builtin,accepted,thumbs_up,,,,,,,True,start_presentation,"DRY RUN, would press f5",,,,,,
1789280465.610,30.801,LIVE,trajectory,rejected,,,,,,,,False,,path_too_small(0.52<0.55),10,0.951,0.1917,0.0522,still,
1789280467.219,32.410,LIVE,trajectory,rejected,,,,,,,,False,,path_too_small(0.34<0.55),10,0.789,0.0823,0.0346,still,
1789280470.152,35.343,LIVE,trajectory,rejected,,inf,0.0000,,,,,False,,no trajectory gestures recorded,5,1.026,0.3753,0.1759,hand_lost,
1789280473.160,38.351,LIVE,trajectory,rejected,,,,,,,,False,,path_too_small(0.46<0.55),9,0.816,0.2211,0.0534,still,
1789280475.671,40.862,LIVE,trajectory,rejected,,,,,,,,False,,path_too_small(0.39<0.55),10,1.342,0.0850,0.0409,still,
1789280475.985,41.176,LIVE,builtin,accepted,thumbs_up,,,,,,,True,start_presentation,"DRY RUN, would press f5",,,,,,
1789280490.977,56.168,LIVE,trajectory,rejected,,,,,,,,False,,path_too_small(0.40<0.55),10,0.861,0.0859,0.0451,still,
1789280493.389,58.580,LIVE,trajectory,rejected,,inf,0.0000,,,,,False,,no trajectory gestures recorded,23,2.275,2.5563,0.2817,still,
1789280501.862,67.053,LIVE,trajectory,rejected,,inf,0.0000,,,,,False,,no trajectory gestures recorded,13,1.323,0.8283,0.1490,still,
1789280504.810,70.001,LIVE,builtin,accepted,swipe_left,,,,,,,True,previous_slide,"DRY RUN, would press left",,,,,,
1789280504.810,70.001,LIVE,trajectory,rejected,,inf,0.0000,,,,,False,,no trajectory gestures recorded,17,1.580,0.2456,0.0883,still,
1789280507.606,72.797,LIVE,trajectory,rejected,,inf,0.0000,,,,,False,,no trajectory gestures recorded,29,2.722,0.2496,0.1019,still,
1789280511.943,77.134,LIVE,trajectory,rejected,,inf,0.0000,,,,,False,,no trajectory gestures recorded,33,3.436,0.7245,0.1781,still,
1789280514.755,79.946,LIVE,trajectory,rejected,,inf,0.0000,,,,,False,,no trajectory gestures recorded,5,1.465,2.7343,0.9248,hand_lost,
1789280526.583,91.773,LIVE,trajectory,rejected,,inf,0.0000,,,,,False,,no trajectory gestures recorded,24,2.740,1.2609,0.2228,still,
1789280529.571,94.762,LIVE,trajectory,rejected,,,,,,,,False,,path_too_small(0.51<0.55),12,2.613,0.0886,0.0434,hand_lost,
1789280536.694,101.885,LIVE,trajectory,rejected,,inf,0.0000,,,,,False,,no trajectory gestures recorded,51,5.763,1.6407,0.2434,still,
1789280539.756,104.947,LIVE,builtin,accepted,swipe_left,,,,,,,True,previous_slide,"DRY RUN, would press left",,,,,,
1789280539.758,104.949,LIVE,trajectory,rejected,,inf,0.0000,,,,,False,,no trajectory gestures recorded,21,1.994,0.3637,0.1493,still,
1789280542.550,107.741,LIVE,builtin,accepted,swipe_right,,,,,,,True,next_slide,"DRY RUN, would press right",,,,,,
1789280542.553,107.744,LIVE,trajectory,rejected,,inf,0.0000,,,,,False,,no trajectory gestures recorded,20,1.798,0.3684,0.1403,still,
1789280544.542,109.733,LIVE,builtin,accepted,swipe_left,,,,,,,True,previous_slide,"DRY RUN, would press left",,,,,,
1789280544.542,109.733,LIVE,trajectory,rejected,,inf,0.0000,,,,,False,,no trajectory gestures recorded,18,1.547,0.3378,0.1271,still,
1789280547.872,113.063,LIVE,trajectory,rejected,,inf,0.0000,,,,,False,,no trajectory gestures recorded,33,3.224,0.7265,0.1503,still,
1789280551.137,116.328,LIVE,builtin,accepted,swipe_right,,,,,,,True,next_slide,"DRY RUN, would press right",,,,,,
1789280551.137,116.328,LIVE,trajectory,rejected,,inf,0.0000,,,,,False,,no trajectory gestures recorded,19,1.678,0.3322,0.1254,still,
1789280554.746,119.937,LIVE,builtin,accepted,swipe_left,,,,,,,True,previous_slide,pressed left,,,,,,
1789280554.793,119.984,LIVE,trajectory,rejected,,inf,0.0000,,,,,False,,no trajectory gestures recorded,7,1.470,0.8438,0.2603,hand_lost,
1789280563.973,129.164,LIVE,trajectory,rejected,,inf,0.0000,,,,,False,,no trajectory gestures recorded,28,2.340,0.3773,0.1568,hand_lost,
1789280570.988,136.179,LIVE,trajectory,rejected,,inf,0.0000,,,,,False,,no trajectory gestures recorded,27,2.601,0.5805,0.1482,hand_lost,
1789280575.176,140.367,LIVE,trajectory,rejected,,inf,0.0000,,,,,False,,no trajectory gestures recorded,10,1.303,0.3619,0.1819,hand_lost,
1789280591.099,156.290,LIVE,trajectory,rejected,,inf,0.0000,,,,,False,,no trajectory gestures recorded,14,1.824,0.1425,0.0411,still,
1789280594.577,159.768,LIVE,trajectory,rejected,,,,,,,,False,,path_too_small(0.43<0.55),11,1.700,0.0967,0.0385,still,
1789280641.462,206.653,LIVE,builtin,accepted,swipe_left,,,,,,,True,previous_slide,pressed left,,,,,,
1789280641.463,206.654,LIVE,trajectory,rejected,opc,1.2952,0.4200,default(1 sample),,,0.0000,False,,distance over threshold,11,1.725,0.1891,0.1257,hand_lost,
1789280643.342,208.533,LIVE,trajectory,rejected,opc,1.0856,0.4200,default(1 sample),,,0.0000,False,,distance over threshold,10,1.588,0.3811,0.2822,hand_lost,
1789280644.994,210.185,LIVE,trajectory,rejected,opc,1.4458,0.4200,default(1 sample),,,0.0000,False,,distance over threshold,4,1.002,0.3969,0.2460,hand_lost,
1789280661.653,226.844,LIVE,builtin,accepted,thumbs_up,,,,,,,True,start_presentation,pressed f5,,,,,,
1789280664.040,229.231,LIVE,trajectory,rejected,,,,,,,,False,,path_too_small(0.32<0.55),5,0.711,0.1520,0.0626,hand_lost,
1789280690.820,256.011,LIVE,builtin,accepted,swipe_left,,,,,,,True,previous_slide,pressed left,,,,,,
1789280690.820,256.011,LIVE,trajectory,rejected,opc,1.4346,0.3943,calibrated(2 samples),,,0.0000,False,,distance over threshold,13,1.174,0.2479,0.0753,still,
1789280691.954,257.145,LIVE,trajectory,rejected,,,,,,,,False,,path_too_small(0.18<0.55),4,0.866,0.0923,0.0485,hand_lost,
1789280727.291,292.482,LIVE,trajectory,rejected,opc,1.1952,0.3943,calibrated(2 samples),,,0.0000,False,,distance over threshold,18,1.139,0.5818,0.1821,still,
1789280745.138,310.329,LIVE,builtin,accepted,swipe_right,,,,,,,True,next_slide,pressed right,,,,,,
1789280745.138,310.329,LIVE,traj,accepted,opc,0.1935,0.3943,calibrated(2 samples),,,0.0000,False,,"suppressed by shared cooldown (0.80s left, last=swipe_right)",14,1.787,0.8189,0.1463,still,
1789280754.103,319.294,LIVE,trajectory,rejected,opc,0.8910,0.3943,calibrated(2 samples),,,0.0000,False,,distance over threshold,42,4.924,1.6983,0.2147,still,
1789280757.621,322.812,LIVE,traj,accepted,opc,0.3444,0.3943,calibrated(2 samples),,,0.0000,True,none,not bound to a control,11,1.084,0.5272,0.0874,still,
1789280759.336,324.527,LIVE,builtin,accepted,swipe_right,,,,,,,True,next_slide,pressed right,,,,,,
1789280759.392,324.583,LIVE,traj,accepted,opc,0.1330,0.3943,calibrated(2 samples),,,0.0000,False,,"suppressed by shared cooldown (0.75s left, last=swipe_right)",14,1.588,0.2711,0.0754,still,
1789280760.769,325.960,LIVE,trajectory,rejected,,,,,,,,False,,path_too_small(0.37<0.55),10,1.201,0.1171,0.0394,still,
1789280765.553,330.744,LIVE,builtin,accepted,thumbs_up,,,,,,,True,start_presentation,pressed f5,,,,,,
1789280765.820,331.011,LIVE,trajectory,rejected,opc,0.5886,0.3943,calibrated(2 samples),,,0.0000,False,,distance over threshold,17,2.014,0.1117,0.0427,still,
1789280768.503,333.694,LIVE,trajectory,rejected,opc,0.9276,0.3943,calibrated(2 samples),,,0.0000,False,,distance over threshold,15,1.172,0.1359,0.0389,still,
1789280770.070,335.261,LIVE,trajectory,rejected,,,,,,,,False,,path_too_small(0.30<0.55),10,1.048,0.0854,0.0317,still,
1789280774.296,339.487,LIVE,builtin,accepted,thumbs_up,,,,,,,True,start_presentation,pressed f5,,,,,,
1789280777.545,342.736,LIVE,builtin,accepted,thumbs_up,,,,,,,True,start_presentation,pressed f5,,,,,,
1789280785.009,350.200,LIVE,builtin,accepted,thumbs_up,,,,,,,True,start_presentation,pressed f5,,,,,,
1789280795.786,360.977,LIVE,builtin,accepted,swipe_left,,,,,,,True,previous_slide,pressed left,,,,,,
1789280795.792,360.983,LIVE,trajectory,rejected,opc,1.3147,0.3943,calibrated(2 samples),,,0.0000,False,,distance over threshold,25,2.522,0.3317,0.1377,still,
1789280799.988,365.179,LIVE,builtin,accepted,swipe_right,,,,,,,True,next_slide,pressed right,,,,,,
1789280800.018,365.209,LIVE,traj,accepted,opc,0.2193,0.3943,calibrated(2 samples),,,0.0000,False,,"suppressed by shared cooldown (0.78s left, last=swipe_right)",32,4.011,3.6856,0.2510,still,
1789280805.203,370.394,LIVE,trajectory,rejected,opc,0.8179,0.3943,calibrated(2 samples),,,0.0000,False,,distance over threshold,32,3.411,2.0414,0.2425,still,
1789280808.536,373.727,LIVE,builtin,accepted,swipe_left,,,,,,,True,previous_slide,pressed left,,,,,,
1789280808.545,373.736,LIVE,trajectory,rejected,opc,1.4933,0.3943,calibrated(2 samples),,,0.0000,False,,distance over threshold,21,1.809,0.3534,0.1419,still,
1789280811.585,376.776,LIVE,builtin,accepted,swipe_right,,,,,,,True,next_slide,pressed right,,,,,,
1789280811.586,376.777,LIVE,traj,accepted,opc,0.1310,0.3943,calibrated(2 samples),,,0.0000,False,,"suppressed by shared cooldown (0.80s left, last=swipe_right)",18,1.985,0.8605,0.1886,still,
1789280813.106,378.297,LIVE,trajectory,rejected,,,,,,,,False,,path_too_small(0.36<0.55),5,1.016,0.1520,0.0836,hand_lost,
1789281831.259,18.466,LIVE,builtin,accepted,swipe_left,,,,,,,True,previous_slide,pressed left,,,,,,
1789281831.259,18.466,LIVE,trajectory,rejected,,inf,0.0000,,,,,False,,no trajectory gestures recorded,10,1.146,0.4219,0.0929,still,
1789281832.385,19.592,LIVE,trajectory,rejected,,,,,,,,False,,path_too_small(0.23<0.55),9,1.048,0.0680,0.0284,still,
1789281844.928,32.135,LIVE,trajectory,rejected,,inf,0.0000,,,,,False,,no trajectory gestures recorded,76,11.096,1.2910,0.2034,still,
1789281846.706,33.913,LIVE,trajectory,rejected,,,,,,,,False,,path_too_small(0.25<0.55),5,1.583,0.0830,0.0582,hand_lost,
1789281851.754,38.961,LIVE,trajectory,rejected,,inf,0.0000,,,,,False,,no trajectory gestures recorded,39,4.709,0.5341,0.1101,still,
1789281857.982,45.189,LIVE,trajectory,rejected,,inf,0.0000,,,,,False,,no trajectory gestures recorded,29,3.717,0.8745,0.1575,still,
1789281862.206,49.413,LIVE,builtin,accepted,swipe_right,,,,,,,True,next_slide,pressed right,,,,,,
1789281862.258,49.465,LIVE,trajectory,rejected,,inf,0.0000,,,,,False,,no trajectory gestures recorded,18,2.525,0.4580,0.1372,still,
1789281866.492,53.699,LIVE,trajectory,rejected,,inf,0.0000,,,,,False,,no trajectory gestures recorded,29,4.028,1.3837,0.2044,still,
1789281869.292,56.498,LIVE,builtin,accepted,swipe_left,,,,,,,True,previous_slide,pressed left,,,,,,
1789281869.292,56.498,LIVE,trajectory,rejected,,inf,0.0000,,,,,False,,no trajectory gestures recorded,18,2.184,0.3676,0.1587,still,
1789281872.346,59.552,LIVE,builtin,accepted,swipe_right,,,,,,,True,next_slide,pressed right,,,,,,
1789281872.362,59.569,LIVE,trajectory,rejected,,inf,0.0000,,,,,False,,no trajectory gestures recorded,19,2.184,0.3641,0.1373,still,
1789281875.341,62.548,LIVE,builtin,accepted,swipe_left,,,,,,,True,previous_slide,pressed left,,,,,,
1789281875.341,62.548,LIVE,trajectory,rejected,,inf,0.0000,,,,,False,,no trajectory gestures recorded,18,2.183,0.3873,0.1284,still,
1789281877.976,65.183,LIVE,builtin,accepted,thumbs_up,,,,,,,True,start_presentation,pressed f5,,,,,,
1789281879.738,66.945,LIVE,builtin,accepted,thumbs_up,,,,,,,True,start_presentation,pressed f5,,,,,,
1789281880.140,67.347,LIVE,builtin,accepted,swipe_right,,,,,,,False,,"suppressed by shared cooldown (0.40s left, last=thumbs_up)",,,,,,
1789281880.140,67.347,LIVE,trajectory,rejected,,inf,0.0000,,,,,False,,no trajectory gestures recorded,23,4.142,1.2493,0.2113,still,
1789281888.513,75.720,LIVE,builtin,accepted,thumbs_up,,,,,,,True,start_presentation,"DRY RUN, would press f5",,,,,,
1789281888.957,76.164,LIVE,trajectory,rejected,,inf,0.0000,,,,,False,,no trajectory gestures recorded,20,3.933,0.7783,0.1360,still,
1789281890.771,77.978,LIVE,trajectory,rejected,,,,,,,,False,,path_too_small(0.32<0.55),4,1.258,0.1449,0.0738,hand_lost,
1789281895.398,82.605,LIVE,builtin,accepted,thumbs_up,,,,,,,True,start_presentation,"DRY RUN, would press f5",,,,,,
1789281899.373,86.579,LIVE,trajectory,rejected,,,,,,,,False,,path_too_small(0.24<0.55),10,1.046,0.0641,0.0265,still,
1789281901.718,88.925,LIVE,builtin,accepted,swipe_left,,,,,,,True,previous_slide,"DRY RUN, would press left",,,,,,
1789281901.718,88.925,LIVE,trajectory,rejected,,inf,0.0000,,,,,False,,no trajectory gestures recorded,17,2.235,0.4569,0.1490,still,
1789281904.753,91.959,LIVE,builtin,accepted,swipe_right,,,,,,,True,next_slide,"DRY RUN, would press right",,,,,,
1789281904.769,91.976,LIVE,trajectory,rejected,,inf,0.0000,,,,,False,,no trajectory gestures recorded,16,2.233,0.3944,0.1399,still,
1789281909.652,96.859,LIVE,trajectory,rejected,,inf,0.0000,,,,,False,,no trajectory gestures recorded,17,4.091,0.9391,0.2452,hand_lost,
1789281924.065,111.272,LIVE,trajectory,rejected,,inf,0.0000,,,,,False,,no trajectory gestures recorded,9,2.824,0.6478,0.2686,hand_lost,
1789313491.186,95.020,LIVE,trajectory,rejected,,inf,0.0000,,,,,False,,no trajectory gestures recorded,25,1.314,0.1190,0.0480,hand_lost,
1789313492.083,95.917,LIVE,trajectory,rejected,,inf,0.0000,,,,,False,,no trajectory gestures recorded,13,0.598,1.4176,0.2098,still,
1789313492.957,96.791,LIVE,builtin,accepted,swipe_right,,,,,,,True,next_slide,"DRY RUN, would press right",,,,,,
1789313493.016,96.850,LIVE,trajectory,rejected,,inf,0.0000,,,,,False,,no trajectory gestures recorded,6,0.496,0.2634,0.1042,hand_lost,
1789313494.476,98.310,LIVE,builtin,accepted,swipe_left,,,,,,,True,previous_slide,"DRY RUN, would press left",,,,,,
1789313494.476,98.310,LIVE,trajectory,rejected,,inf,0.0000,,,,,False,,no trajectory gestures recorded,11,0.522,0.5581,0.1105,still,
1789313495.422,99.256,LIVE,builtin,accepted,swipe_right,,,,,,,True,next_slide,"DRY RUN, would press right",,,,,,
1789313495.422,99.256,LIVE,trajectory,rejected,,inf,0.0000,,,,,False,,no trajectory gestures recorded,21,0.862,0.3619,0.1170,still,
1789313496.628,100.462,LIVE,trajectory,rejected,,,,,,,,False,,path_too_small(0.36<0.55),10,0.404,0.0867,0.0395,still,
1789313497.678,101.512,LIVE,builtin,accepted,swipe_left,,,,,,,True,previous_slide,"DRY RUN, would press left",,,,,,
1789313497.681,101.515,LIVE,trajectory,rejected,,inf,0.0000,,,,,False,,no trajectory gestures recorded,20,0.739,0.3148,0.1095,still,
1789313499.571,103.405,LIVE,builtin,accepted,thumbs_up,,,,,,,True,start_presentation,"DRY RUN, would press f5",,,,,,
1789313499.690,103.524,LIVE,builtin,accepted,swipe_right,,,,,,,False,,"suppressed by shared cooldown (0.68s left, last=thumbs_up)",,,,,,
1789313499.690,103.524,LIVE,trajectory,rejected,,inf,0.0000,,,,,False,,no trajectory gestures recorded,12,0.463,1.0227,0.1813,still,
1789313502.580,106.414,LIVE,builtin,accepted,thumbs_up,,,,,,,True,start_presentation,"DRY RUN, would press f5",,,,,,
1789313502.711,106.545,LIVE,trajectory,rejected,,,,,,,,False,,path_too_small(0.36<0.55),9,0.398,0.1598,0.0401,still,
1789313507.314,111.148,LIVE,trajectory,rejected,,inf,0.0000,,,,,False,,no trajectory gestures recorded,15,0.616,0.1533,0.0621,still,
1789313507.893,111.727,LIVE,trajectory,rejected,,inf,0.0000,,,,,False,,no trajectory gestures recorded,12,0.462,0.0963,0.0544,still,
1789313508.981,112.815,LIVE,trajectory,rejected,,,,,,,,False,,path_too_small(0.45<0.55),12,0.527,0.1550,0.0448,still,
1789313508.981,112.815,LIVE,builtin,accepted,thumbs_up,,,,,,,True,start_presentation,"DRY RUN, would press f5",,,,,,
1789313509.967,113.801,LIVE,trajectory,rejected,,inf,0.0000,,,,,False,,no trajectory gestures recorded,15,0.594,0.1481,0.0565,still,
1789313511.070,114.904,LIVE,trajectory,rejected,,,,,,,,False,,path_too_small(0.33<0.55),13,0.526,0.0653,0.0267,still,
1789313515.814,119.648,LIVE,builtin,accepted,thumbs_up,,,,,,,True,start_presentation,"DRY RUN, would press f5",,,,,,
1789313516.734,120.568,LIVE,builtin,accepted,closed_fist_hold,,,,,,,True,first_slide,"DRY RUN, would press home",,,,,,
1789313517.048,120.882,LIVE,builtin,accepted,thumbs_up,,,,,,,False,,"suppressed by shared cooldown (0.50s left, last=closed_fist_hold)",,,,,,
1789313517.246,121.080,LIVE,builtin,accepted,swipe_right,,,,,,,False,,"suppressed by shared cooldown (0.39s left, last=closed_fist_hold)",,,,,,
1789313517.248,121.082,LIVE,trajectory,rejected,,inf,0.0000,,,,,False,,no trajectory gestures recorded,12,0.477,0.1483,0.0487,still,
1789313517.762,121.596,LIVE,trajectory,rejected,,,,,,,,False,,path_too_small(0.41<0.55),11,0.375,0.1303,0.0432,still,
1789313520.508,124.342,LIVE,trajectory,rejected,,inf,0.0000,,,,,False,,no trajectory gestures recorded,20,0.801,0.1556,0.0633,still,
1789313521.798,125.632,LIVE,builtin,accepted,swipe_left,,,,,,,True,previous_slide,"DRY RUN, would press left",,,,,,
1789313521.806,125.640,LIVE,trajectory,rejected,,inf,0.0000,,,,,False,,no trajectory gestures recorded,18,0.702,0.2016,0.0740,still,
1789313522.832,126.666,LIVE,trajectory,rejected,,inf,0.0000,,,,,False,,no trajectory gestures recorded,17,0.958,0.5516,0.0964,still,
1789313524.277,128.111,LIVE,trajectory,rejected,,inf,0.0000,,,,,False,,no trajectory gestures recorded,24,1.065,0.3273,0.0883,still,
1789313525.914,129.748,LIVE,builtin,accepted,swipe_left,,,,,,,True,previous_slide,"DRY RUN, would press left",,,,,,
1789313525.920,129.754,LIVE,trajectory,rejected,,inf,0.0000,,,,,False,,no trajectory gestures recorded,15,0.660,0.2697,0.0873,still,
1789313527.248,131.082,LIVE,builtin,accepted,swipe_right,,,,,,,True,next_slide,"DRY RUN, would press right",,,,,,
1789313527.248,131.082,LIVE,trajectory,rejected,,inf,0.0000,,,,,False,,no trajectory gestures recorded,17,1.026,0.1662,0.0727,hand_lost,
1789313568.438,172.272,LIVE,trajectory,rejected,,inf,0.0000,,,,,False,,no trajectory gestures recorded,14,1.852,0.5884,0.1087,hand_lost,
1789313586.735,190.569,LIVE,trajectory,rejected,,inf,0.0000,,,,,False,,no trajectory gestures recorded,9,0.735,0.3095,0.1424,hand_lost,
1789313588.381,192.215,LIVE,trajectory,rejected,,inf,0.0000,,,,,False,,no trajectory gestures recorded,25,1.062,0.3434,0.0951,still,
1789313589.651,193.485,LIVE,builtin,accepted,swipe_right,,,,,,,True,next_slide,"DRY RUN, would press right",,,,,,
1789313589.651,193.485,LIVE,trajectory,rejected,,inf,0.0000,,,,,False,,no trajectory gestures recorded,21,1.093,0.9083,0.1680,still,
1789313630.482,234.316,LIVE,trajectory,rejected,,inf,0.0000,,,,,False,,no trajectory gestures recorded,11,0.433,0.6182,0.1268,still,
1789313631.295,235.129,LIVE,builtin,accepted,swipe_right,,,,,,,True,next_slide,pressed right,,,,,,
1789313631.311,235.145,LIVE,trajectory,rejected,,inf,0.0000,,,,,False,,no trajectory gestures recorded,9,0.653,0.2164,0.1033,hand_lost,
1789313631.958,235.792,LIVE,builtin,accepted,swipe_right,,,,,,,False,,"suppressed by shared cooldown (0.13s left, last=swipe_right)",,,,,,
1789313631.970,235.804,LIVE,trajectory,rejected,,inf,0.0000,,,,,False,,no trajectory gestures recorded,6,0.529,1.1730,0.3964,hand_lost,
1789313633.845,237.679,LIVE,trajectory,rejected,,,,,,,,False,,path_too_small(0.52<0.55),15,1.245,0.1245,0.0393,still,
1789313635.121,238.955,LIVE,builtin,accepted,swipe_left,,,,,,,True,previous_slide,pressed left,,,,,,
1789313635.121,238.955,LIVE,trajectory,rejected,,inf,0.0000,,,,,False,,no trajectory gestures recorded,17,1.027,0.3326,0.1369,hand_lost,
1789313636.337,240.171,LIVE,builtin,accepted,swipe_right,,,,,,,True,next_slide,pressed right,,,,,,
1789313636.367,240.201,LIVE,trajectory,rejected,,inf,0.0000,,,,,False,,no trajectory gestures recorded,13,0.465,0.6668,0.1459,still,
1789313637.297,241.131,LIVE,builtin,accepted,swipe_left,,,,,,,True,previous_slide,pressed left,,,,,,
1789313637.300,241.133,LIVE,trajectory,rejected,,inf,0.0000,,,,,False,,no trajectory gestures recorded,15,0.895,0.2681,0.1422,hand_lost,
1789313638.925,242.759,LIVE,builtin,accepted,swipe_right,,,,,,,True,next_slide,pressed right,,,,,,
1789313638.926,242.760,LIVE,trajectory,rejected,,inf,0.0000,,,,,False,,no trajectory gestures recorded,14,0.830,0.2040,0.0844,hand_lost,
1789313640.835,244.669,LIVE,trajectory,rejected,,,,,,,,False,,path_too_small(0.40<0.55),9,0.342,0.1863,0.0453,still,
1789313641.730,245.564,LIVE,builtin,accepted,swipe_left,,,,,,,True,previous_slide,pressed left,,,,,,
1789313641.730,245.564,LIVE,trajectory,rejected,,inf,0.0000,,,,,False,,no trajectory gestures recorded,10,0.837,1.1215,0.2837,hand_lost,
1789313646.787,250.621,LIVE,trajectory,rejected,,inf,0.0000,,,,,False,,no trajectory gestures recorded,12,0.856,0.1799,0.0948,hand_lost,
1789313649.715,253.549,LIVE,builtin,accepted,swipe_right,,,,,,,True,next_slide,pressed right,,,,,,
1789313649.771,253.605,LIVE,trajectory,rejected,,inf,0.0000,,,,,False,,no trajectory gestures recorded,12,1.002,2.2514,0.2596,hand_lost,
1789313652.189,256.023,LIVE,builtin,accepted,swipe_right,,,,,,,True,next_slide,pressed right,,,,,,
1789313652.192,256.026,LIVE,trajectory,rejected,,inf,0.0000,,,,,False,,no trajectory gestures recorded,4,0.468,0.6375,0.2529,hand_lost,
1789313653.566,257.400,LIVE,builtin,accepted,swipe_left,,,,,,,True,previous_slide,pressed left,,,,,,
1789313653.568,257.402,LIVE,trajectory,rejected,,inf,0.0000,,,,,False,,no trajectory gestures recorded,6,0.729,23.4955,4.2338,hand_lost,
1789313654.259,258.093,LIVE,builtin,accepted,open_palm_hold,,,,,,,False,,"suppressed by shared cooldown (0.12s left, last=swipe_left)",,,,,,
1789313655.176,259.010,LIVE,trajectory,rejected,,inf,0.0000,,,,,False,,no trajectory gestures recorded,19,1.266,0.2693,0.1012,hand_lost,
1789313657.299,261.133,LIVE,trajectory,rejected,,inf,0.0000,,,,,False,,no trajectory gestures recorded,12,0.836,0.1709,0.0713,hand_lost,
1789313658.505,262.339,LIVE,builtin,accepted,swipe_right,,,,,,,True,next_slide,pressed right,,,,,,
1789313658.506,262.340,LIVE,trajectory,rejected,,inf,0.0000,,,,,False,,no trajectory gestures recorded,10,0.791,1.2765,0.3157,hand_lost,
1789313660.705,264.539,LIVE,builtin,accepted,swipe_left,,,,,,,True,previous_slide,pressed left,,,,,,
1789313660.705,264.539,LIVE,trajectory,rejected,,inf,0.0000,,,,,False,,no trajectory gestures recorded,7,0.590,0.9590,0.2797,hand_lost,
1789313662.707,266.541,LIVE,trajectory,rejected,,inf,0.0000,,,,,False,,no trajectory gestures recorded,7,0.605,0.2564,0.1314,hand_lost,
1789313664.673,268.507,LIVE,builtin,accepted,swipe_right,,,,,,,True,next_slide,pressed right,,,,,,
1789313664.675,268.509,LIVE,trajectory,rejected,,inf,0.0000,,,,,False,,no trajectory gestures recorded,6,0.561,0.5993,0.1877,hand_lost,
1789313665.247,269.081,LIVE,builtin,accepted,swipe_left,,,,,,,False,,"suppressed by shared cooldown (0.23s left, last=swipe_right)",,,,,,
1789313665.247,269.081,LIVE,trajectory,rejected,,inf,0.0000,,,,,False,,no trajectory gestures recorded,5,0.538,3.2091,1.3691,hand_lost,
1789313668.726,272.560,LIVE,builtin,accepted,swipe_right,,,,,,,True,next_slide,pressed right,,,,,,
1789313668.727,272.561,LIVE,trajectory,rejected,,inf,0.0000,,,,,False,,no trajectory gestures recorded,12,0.879,1.0440,0.1973,hand_lost,
1789313670.609,274.443,LIVE,trajectory,rejected,,inf,0.0000,,,,,False,,no trajectory gestures recorded,12,0.869,0.1202,0.0598,hand_lost,
1789313671.044,274.878,LIVE,trajectory,rejected,,,,,,,,False,,too_short(2f<4f),2,0.399,2.5149,1.9745,hand_lost,
1789313673.105,276.939,LIVE,builtin,accepted,swipe_right,,,,,,,True,next_slide,pressed right,,,,,,
1789313673.105,276.939,LIVE,trajectory,rejected,,inf,0.0000,,,,,False,,no trajectory gestures recorded,11,0.462,0.5733,0.1132,still,
1789313674.708,278.542,LIVE,trajectory,rejected,,,,,,,,False,,path_too_small(0.45<0.55),10,0.402,0.1278,0.0486,still,
1789313676.395,280.229,LIVE,builtin,accepted,open_palm_hold,,,,,,,True,blank_screen,pressed b,,,,,,
1789313676.516,280.350,LIVE,builtin,accepted,swipe_left,,,,,,,False,,"suppressed by shared cooldown (0.68s left, last=open_palm_hold)",,,,,,
1789313676.517,280.351,LIVE,trajectory,rejected,,inf,0.0000,,,,,False,,no trajectory gestures recorded,16,0.946,2.7694,0.3890,still,
1789313678.185,282.019,LIVE,trajectory,rejected,,inf,0.0000,,,,,False,,no trajectory gestures recorded,13,0.996,0.0844,0.0481,hand_lost,
1789313680.917,284.751,LIVE,builtin,accepted,swipe_right,,,,,,,True,next_slide,pressed right,,,,,,
1789313680.917,284.751,LIVE,trajectory,rejected,,inf,0.0000,,,,,False,,no trajectory gestures recorded,12,0.543,0.6650,0.1281,still,
1789313683.222,287.056,LIVE,builtin,accepted,thumbs_up,,,,,,,True,start_presentation,pressed f5,,,,,,
1789313683.438,287.272,LIVE,trajectory,rejected,,inf,0.0000,,,,,False,,no trajectory gestures recorded,18,0.770,1.5629,0.1419,still,
1789313686.996,290.830,LIVE,builtin,accepted,swipe_left,,,,,,,True,previous_slide,pressed left,,,,,,
1789313686.997,290.831,LIVE,trajectory,rejected,,inf,0.0000,,,,,False,,no trajectory gestures recorded,8,1.012,3.5109,0.9517,hand_lost,
1789313688.577,292.411,LIVE,builtin,accepted,swipe_right,,,,,,,True,next_slide,pressed right,,,,,,
1789313688.577,292.411,LIVE,trajectory,rejected,,inf,0.0000,,,,,False,,no trajectory gestures recorded,7,0.652,0.8947,0.2704,hand_lost,
1789313690.356,294.190,LIVE,trajectory,rejected,,,,,,,,False,,too_short(3f<4f),3,0.544,0.9961,0.4989,hand_lost,
1789313692.616,296.450,LIVE,trajectory,rejected,,inf,0.0000,,,,,False,,no trajectory gestures recorded,7,0.688,1.0946,0.3450,hand_lost,
1789313703.075,306.909,LIVE,trajectory,rejected,,inf,0.0000,,,,,False,,no trajectory gestures recorded,13,3.118,0.5346,0.2469,hand_lost,
1789313704.446,308.280,LIVE,trajectory,rejected,,inf,0.0000,,,,,False,,no trajectory gestures recorded,11,0.446,0.3797,0.0860,still,
1789313706.145,309.979,LIVE,trajectory,rejected,,inf,0.0000,,,,,False,,no trajectory gestures recorded,26,1.419,0.7931,0.2573,still,
1789313709.982,313.816,LIVE,trajectory,rejected,,,,,,,,False,,path_too_small(0.45<0.55),9,0.387,0.1787,0.0517,still,
1789313712.144,315.978,LIVE,trajectory,rejected,,inf,0.0000,,,,,False,,no trajectory gestures recorded,12,0.466,0.2133,0.0606,still,
1789313713.055,316.889,LIVE,trajectory,rejected,,inf,0.0000,,,,,False,,no trajectory gestures recorded,19,0.672,0.1347,0.0565,still,
1789313714.478,318.312,LIVE,builtin,accepted,swipe_right,,,,,,,True,next_slide,"DRY RUN, would press right",,,,,,
1789313714.478,318.312,LIVE,trajectory,rejected,,inf,0.0000,,,,,False,,no trajectory gestures recorded,14,0.692,1.0236,0.1912,still,
1789313716.200,320.034,LIVE,builtin,accepted,swipe_left,,,,,,,True,previous_slide,"DRY RUN, would press left",,,,,,
1789313716.200,320.034,LIVE,trajectory,rejected,,inf,0.0000,,,,,False,,no trajectory gestures recorded,27,1.234,0.1674,0.0859,still,
1789313717.137,320.971,LIVE,builtin,accepted,swipe_right,,,,,,,True,next_slide,"DRY RUN, would press right",,,,,,
1789313717.137,320.971,LIVE,trajectory,rejected,,inf,0.0000,,,,,False,,no trajectory gestures recorded,10,0.670,0.2369,0.1278,hand_lost,
1789313718.224,322.058,LIVE,trajectory,rejected,,inf,0.0000,,,,,False,,no trajectory gestures recorded,21,0.864,0.1496,0.0561,still,
1789313720.644,324.478,LIVE,trajectory,rejected,,inf,0.0000,,,,,False,,no trajectory gestures recorded,48,2.001,0.2868,0.0902,still,
1789313722.065,325.899,LIVE,builtin,accepted,swipe_left,,,,,,,True,previous_slide,"DRY RUN, would press left",,,,,,
1789313722.065,325.899,LIVE,trajectory,rejected,,inf,0.0000,,,,,False,,no trajectory gestures recorded,24,0.971,0.2919,0.1194,still,
1789313724.965,328.799,LIVE,trajectory,rejected,,inf,0.0000,,,,,False,,no trajectory gestures recorded,30,1.788,0.8452,0.1562,hand_lost,
1789313725.873,329.707,LIVE,trajectory,rejected,,inf,0.0000,,,,,False,,no trajectory gestures recorded,14,0.607,0.4361,0.0802,still,
1789313727.086,330.920,LIVE,builtin,accepted,swipe_right,,,,,,,True,next_slide,"DRY RUN, would press right",,,,,,
1789313727.086,330.920,LIVE,trajectory,rejected,,inf,0.0000,,,,,False,,no trajectory gestures recorded,12,0.816,0.3386,0.1970,hand_lost,
1789313728.912,332.746,LIVE,builtin,accepted,swipe_left,,,,,,,True,previous_slide,"DRY RUN, would press left",,,,,,
1789313728.912,332.746,LIVE,trajectory,rejected,,inf,0.0000,,,,,False,,no trajectory gestures recorded,11,0.553,1.7062,0.2067,still,
1789313729.544,333.378,LIVE,trajectory,rejected,,,,,,,,False,,path_too_small(0.53<0.55),6,0.543,0.1771,0.0919,hand_lost,
1789313731.177,335.011,LIVE,builtin,accepted,thumbs_up,,,,,,,True,start_presentation,"DRY RUN, would press f5",,,,,,
1789313731.370,335.204,LIVE,builtin,accepted,swipe_left,,,,,,,False,,"suppressed by shared cooldown (0.61s left, last=thumbs_up)",,,,,,
1789313731.371,335.205,LIVE,trajectory,rejected,,inf,0.0000,,,,,False,,no trajectory gestures recorded,15,0.658,0.6517,0.1197,still,
1789313732.056,335.890,LIVE,builtin,accepted,swipe_right,,,,,,,True,next_slide,"DRY RUN, would press right",,,,,,
1789313732.056,335.890,LIVE,trajectory,rejected,,inf,0.0000,,,,,False,,no trajectory gestures recorded,14,0.619,1.5467,0.2347,still,
1789313733.138,336.972,LIVE,builtin,accepted,swipe_left,,,,,,,True,previous_slide,"DRY RUN, would press left",,,,,,
1789313733.170,337.004,LIVE,trajectory,rejected,,inf,0.0000,,,,,False,,no trajectory gestures recorded,11,1.005,0.7429,0.2095,hand_lost,
1789313734.992,338.826,LIVE,builtin,accepted,swipe_right,,,,,,,True,next_slide,"DRY RUN, would press right",,,,,,
1789313734.996,338.830,LIVE,trajectory,rejected,,inf,0.0000,,,,,False,,no trajectory gestures recorded,20,0.820,0.3270,0.1157,still,
1789313736.458,340.292,LIVE,builtin,accepted,open_palm_hold,,,,,,,True,blank_screen,"DRY RUN, would press b",,,,,,
1789313737.003,340.837,LIVE,builtin,accepted,swipe_left,,,,,,,False,,"suppressed by shared cooldown (0.26s left, last=open_palm_hold)",,,,,,
1789313737.003,340.837,LIVE,trajectory,rejected,,inf,0.0000,,,,,False,,no trajectory gestures recorded,34,1.729,1.1524,0.1703,still,
1789313737.484,341.318,LIVE,trajectory,rejected,,,,,,,,False,,path_too_small(0.47<0.55),4,0.445,0.2240,0.1175,hand_lost,
1789313739.070,342.904,LIVE,builtin,accepted,swipe_right,,,,,,,True,next_slide,"DRY RUN, would press right",,,,,,
1789313739.070,342.904,LIVE,trajectory,rejected,,inf,0.0000,,,,,False,,no trajectory gestures recorded,10,0.487,0.5323,0.1091,still,
1789313742.494,346.328,LIVE,trajectory,rejected,,,,,,,,False,,path_too_small(0.46<0.55),11,0.447,0.1137,0.0422,still,
1789313743.854,347.688,LIVE,trajectory,rejected,,,,,,,,False,,path_too_small(0.48<0.55),12,0.462,0.1010,0.0446,still,
1789313745.371,349.205,LIVE,builtin,accepted,swipe_left,,,,,,,True,previous_slide,"DRY RUN, would press left",,,,,,
1789313745.391,349.225,LIVE,trajectory,rejected,,inf,0.0000,,,,,False,,no trajectory gestures recorded,18,0.760,0.2214,0.0774,still,
1789313757.296,361.130,LIVE,trajectory,rejected,,inf,0.0000,,,,,False,,no trajectory gestures recorded,7,0.542,2.4362,0.7226,hand_lost,
1789313763.626,367.460,LIVE,builtin,accepted,swipe_left,,,,,,,True,previous_slide,"DRY RUN, would press left",,,,,,
1789313763.626,367.460,LIVE,trajectory,rejected,,inf,0.0000,,,,,False,,no trajectory gestures recorded,11,0.445,0.5045,0.1078,still,
1789313766.061,369.895,LIVE,trajectory,rejected,,,,,,,,False,,path_too_small(0.31<0.55),10,0.397,0.0843,0.0305,still,
1789313766.175,370.009,LIVE,builtin,accepted,thumbs_up,,,,,,,True,start_presentation,"DRY RUN, would press f5",,,,,,
1789313774.510,378.344,LIVE,trajectory,rejected,,inf,0.0000,,,,,False,,no trajectory gestures recorded,14,0.872,0.2535,0.1335,hand_lost,
1789314603.455,42.211,LIVE,builtin,accepted,swipe_left,,,,,,,True,previous_slide,pressed left,,,,,,
1789314603.461,42.218,LIVE,trajectory,rejected,,inf,0.0000,,,,,False,,no trajectory gestures recorded,15,0.706,0.5368,0.1242,still,
1789314604.071,42.827,LIVE,trajectory,rejected,,,,,,,,False,,path_too_small(0.26<0.55),10,0.448,0.0625,0.0306,still,
1789314605.279,44.035,LIVE,builtin,accepted,swipe_right,,,,,,,True,next_slide,pressed right,,,,,,
1789314605.279,44.035,LIVE,trajectory,rejected,,inf,0.0000,,,,,False,,no trajectory gestures recorded,22,1.057,0.2829,0.1111,still,
1789314606.262,45.018,LIVE,builtin,accepted,swipe_left,,,,,,,True,previous_slide,pressed left,,,,,,
1789314606.262,45.018,LIVE,trajectory,rejected,,inf,0.0000,,,,,False,,no trajectory gestures recorded,17,0.783,0.1623,0.0626,still,
1789314608.051,46.808,LIVE,builtin,accepted,swipe_left,,,,,,,True,previous_slide,pressed left,,,,,,
1789314608.053,46.809,LIVE,trajectory,rejected,,inf,0.0000,,,,,False,,no trajectory gestures recorded,21,1.001,0.2399,0.0945,still,
1789314609.470,48.226,LIVE,trajectory,rejected,,inf,0.0000,,,,,False,,no trajectory gestures recorded,5,0.613,0.6852,0.1898,hand_lost,
1789314612.710,51.466,LIVE,trajectory,rejected,,inf,0.0000,,,,,False,,no trajectory gestures recorded,12,0.568,0.3539,0.0793,still,
1789314613.908,52.664,LIVE,builtin,accepted,swipe_left,,,,,,,True,previous_slide,pressed left,,,,,,
1789314613.913,52.669,LIVE,trajectory,rejected,,inf,0.0000,,,,,False,,no trajectory gestures recorded,19,0.916,0.3065,0.1087,still,
1789314616.706,55.462,LIVE,builtin,accepted,swipe_right,,,,,,,True,next_slide,pressed right,,,,,,
1789314616.706,55.462,LIVE,trajectory,rejected,,inf,0.0000,,,,,False,,no trajectory gestures recorded,20,0.946,0.2714,0.1147,still,
1789314617.675,56.431,LIVE,trajectory,rejected,,,,,,,,False,,path_too_small(0.39<0.55),5,0.614,0.1754,0.0794,hand_lost,
1789314618.773,57.530,LIVE,builtin,accepted,swipe_left,,,,,,,True,previous_slide,pressed left,,,,,,
1789314618.776,57.532,LIVE,trajectory,rejected,,inf,0.0000,,,,,False,,no trajectory gestures recorded,13,0.607,0.6467,0.1615,still,
1789314619.749,58.505,LIVE,builtin,accepted,swipe_right,,,,,,,True,next_slide,pressed right,,,,,,
1789314619.761,58.517,LIVE,trajectory,rejected,,inf,0.0000,,,,,False,,no trajectory gestures recorded,19,0.938,0.2587,0.1120,still,
1789314621.041,59.797,LIVE,trajectory,rejected,,inf,0.0000,,,,,False,,no trajectory gestures recorded,6,0.733,0.2320,0.1157,hand_lost,
1789314623.456,62.212,LIVE,builtin,accepted,swipe_left,,,,,,,True,previous_slide,pressed left,,,,,,
1789314623.461,62.218,LIVE,trajectory,rejected,,inf,0.0000,,,,,False,,no trajectory gestures recorded,12,0.592,0.8156,0.1422,still,
1789314626.099,64.855,LIVE,builtin,accepted,swipe_right,,,,,,,True,next_slide,pressed right,,,,,,
1789314626.099,64.855,LIVE,trajectory,rejected,,inf,0.0000,,,,,False,,no trajectory gestures recorded,12,0.559,0.8508,0.1862,still,
1789314627.764,66.521,LIVE,trajectory,rejected,,,,,,,,False,,path_too_small(0.47<0.55),11,0.513,0.0943,0.0496,still,
1789314628.299,67.055,LIVE,trajectory,rejected,,,,,,,,False,,too_short(2f<4f),2,0.450,0.2257,0.1812,hand_lost,
1789314629.294,68.050,LIVE,builtin,accepted,swipe_left,,,,,,,True,previous_slide,pressed left,,,,,,
1789314629.297,68.053,LIVE,trajectory,rejected,,inf,0.0000,,,,,False,,no trajectory gestures recorded,12,0.571,0.9922,0.1779,still,
1789314630.949,69.705,LIVE,trajectory,rejected,,inf,0.0000,,,,,False,,no trajectory gestures recorded,6,0.662,0.3082,0.1572,hand_lost,
1789314631.922,70.678,LIVE,builtin,accepted,swipe_right,,,,,,,True,next_slide,pressed right,,,,,,
1789314631.922,70.678,LIVE,trajectory,rejected,,inf,0.0000,,,,,False,,no trajectory gestures recorded,13,0.673,0.8678,0.1856,still,
1789314633.720,72.476,LIVE,trajectory,rejected,,inf,0.0000,,,,,False,,no trajectory gestures recorded,19,0.912,0.2655,0.1048,still,
1789314634.239,72.995,LIVE,trajectory,rejected,,,,,,,,False,,path_too_small(0.50<0.55),10,0.464,0.1101,0.0559,still,
1789314635.410,74.166,LIVE,trajectory,rejected,,inf,0.0000,,,,,False,,no trajectory gestures recorded,6,0.572,0.1789,0.1087,hand_lost,
1789314637.176,75.932,LIVE,builtin,accepted,swipe_left,,,,,,,True,previous_slide,pressed left,,,,,,
1789314637.176,75.932,LIVE,trajectory,rejected,,inf,0.0000,,,,,False,,no trajectory gestures recorded,13,0.617,1.1166,0.1952,still,
1789314638.029,76.785,LIVE,trajectory,rejected,,,,,,,,False,,path_too_small(0.45<0.55),4,0.592,0.3402,0.1097,hand_lost,
1789314639.073,77.829,LIVE,builtin,accepted,swipe_right,,,,,,,True,next_slide,pressed right,,,,,,
1789314639.073,77.829,LIVE,trajectory,rejected,,inf,0.0000,,,,,False,,no trajectory gestures recorded,13,0.594,1.1192,0.2166,still,
1789314640.255,79.011,LIVE,trajectory,rejected,,inf,0.0000,,,,,False,,no trajectory gestures recorded,5,0.634,0.2477,0.1049,hand_lost,
1789314643.488,82.244,LIVE,trajectory,rejected,,inf,0.0000,,,,,False,,no trajectory gestures recorded,13,0.609,0.3432,0.1207,still,
1789314643.488,82.244,LIVE,builtin,accepted,thumbs_up,,,,,,,True,start_presentation,pressed f5,,,,,,
1789314646.023,84.779,LIVE,trajectory,rejected,,,,,,,,False,,path_too_small(0.26<0.55),4,0.542,0.1358,0.0641,hand_lost,
1789314651.123,89.879,LIVE,builtin,accepted,thumbs_up,,,,,,,True,start_presentation,"DRY RUN, would press f5",,,,,,
1789314651.181,89.937,LIVE,trajectory,rejected,,inf,0.0000,,,,,False,,no trajectory gestures recorded,15,0.709,0.3368,0.1115,still,
1789314652.418,91.174,LIVE,trajectory,rejected,,inf,0.0000,,,,,False,,no trajectory gestures recorded,5,0.640,0.4886,0.1530,hand_lost,
1789314654.439,93.195,LIVE,trajectory,rejected,,inf,0.0000,,,,,False,,no trajectory gestures recorded,10,0.511,0.2574,0.0575,still,
1789314654.815,93.571,LIVE,builtin,accepted,thumbs_up,,,,,,,True,start_presentation,"DRY RUN, would press f5",,,,,,
1789314656.836,95.592,LIVE,trajectory,rejected,,inf,0.0000,,,,,False,,no trajectory gestures recorded,13,0.607,0.1196,0.0544,still,
1789314658.739,97.495,LIVE,trajectory,rejected,,inf,0.0000,,,,,False,,no trajectory gestures recorded,16,0.767,0.1613,0.0662,still,
1789314658.789,97.545,LIVE,builtin,accepted,closed_fist_hold,,,,,,,True,first_slide,"DRY RUN, would press home",,,,,,
1789314661.634,100.390,LIVE,trajectory,rejected,,,,,,,,False,,path_too_small(0.46<0.55),4,0.511,0.2996,0.1182,hand_lost,
1789314663.830,102.586,LIVE,builtin,accepted,swipe_left,,,,,,,True,previous_slide,"DRY RUN, would press left",,,,,,
1789314663.830,102.586,LIVE,trajectory,rejected,,inf,0.0000,,,,,False,,no trajectory gestures recorded,12,0.604,0.2103,0.0679,still,
1789314663.830,102.586,LIVE,builtin,accepted,closed_fist_hold,,,,,,,False,,"suppressed by shared cooldown (0.80s left, last=swipe_left)",,,,,,
1789314665.599,104.355,LIVE,trajectory,rejected,,,,,,,,False,,path_too_small(0.32<0.55),5,0.570,0.1842,0.0672,hand_lost,
1789314668.783,107.539,LIVE,builtin,accepted,swipe_left,,,,,,,True,previous_slide,"DRY RUN, would press left",,,,,,
1789314668.783,107.539,LIVE,trajectory,rejected,,inf,0.0000,,,,,False,,no trajectory gestures recorded,12,0.558,0.7804,0.1438,still,
1789314671.238,109.994,LIVE,builtin,accepted,thumbs_up,,,,,,,True,start_presentation,"DRY RUN, would press f5",,,,,,
1789314677.010,115.766,LIVE,trajectory,rejected,,inf,0.0000,,,,,False,,no trajectory gestures recorded,7,0.969,0.2562,0.1316,hand_lost,
1789314682.974,121.730,LIVE,trajectory,rejected,,inf,0.0000,,,,,False,,no trajectory gestures recorded,14,1.115,1.5678,0.2658,hand_lost,
1789314686.015,124.771,LIVE,trajectory,rejected,,inf,0.0000,,,,,False,,no trajectory gestures recorded,59,2.939,0.9932,0.0787,still,
1789314687.423,126.179,LIVE,trajectory,rejected,,inf,0.0000,,,,,False,,no trajectory gestures recorded,25,1.168,0.1522,0.0479,still,
1789314689.697,128.453,LIVE,builtin,accepted,swipe_right,,,,,,,True,next_slide,"DRY RUN, would press right",,,,,,
1789314689.697,128.453,LIVE,trajectory,rejected,,inf,0.0000,,,,,False,,no trajectory gestures recorded,18,1.265,1.0938,0.2126,hand_lost,
1789314704.672,143.428,LIVE,trajectory,rejected,,inf,0.0000,,,,,False,,no trajectory gestures recorded,48,2.380,1.4353,0.1729,still,
1789314709.271,148.027,LIVE,trajectory,rejected,,inf,0.0000,,,,,False,,no trajectory gestures recorded,28,1.487,1.2744,0.1768,still,
1789314710.888,149.644,LIVE,trajectory,rejected,,inf,0.0000,,,,,False,,no trajectory gestures recorded,14,0.913,0.3092,0.0855,still,
1789314711.919,150.675,LIVE,trajectory,rejected,,inf,0.0000,,,,,False,,no trajectory gestures recorded,14,0.734,0.3973,0.1018,still,
1789316975.298,73.601,LIVE,trajectory,rejected,,,,,,,,False,,path_too_small(0.38<0.55),10,0.462,0.1106,0.0379,still,
1789316976.344,74.647,LIVE,builtin,accepted,thumbs_up,,,,,,,True,start_presentation,"DRY RUN, would press f5",,,,,,
1789316976.439,74.742,LIVE,builtin,accepted,swipe_right,,,,,,,False,,"suppressed by shared cooldown (0.70s left, last=thumbs_up)",,,,,,
1789316976.439,74.742,LIVE,trajectory,rejected,,inf,0.0000,,,,,False,,no trajectory gestures recorded,12,0.528,0.1806,0.0575,still,
1789316978.010,76.313,LIVE,trajectory,rejected,,,,,,,,False,,path_too_small(0.43<0.55),10,0.461,0.1570,0.0420,still,
1789316981.349,79.652,LIVE,trajectory,rejected,,,,,,,,False,,path_too_small(0.25<0.55),4,0.587,0.0961,0.0782,hand_lost,
1789316982.657,80.960,LIVE,trajectory,rejected,,,,,,,,False,,path_too_small(0.30<0.55),10,0.428,0.0970,0.0397,still,
1789316984.617,82.919,LIVE,builtin,accepted,swipe_left,,,,,,,True,previous_slide,"DRY RUN, would press left",,,,,,
1789316984.617,82.919,LIVE,trajectory,rejected,,inf,0.0000,,,,,False,,no trajectory gestures recorded,31,1.439,0.2048,0.0887,still,
1789316990.838,89.141,LIVE,builtin,accepted,swipe_right,,,,,,,True,next_slide,"DRY RUN, would press right",,,,,,
1789316990.838,89.141,LIVE,trajectory,rejected,,inf,0.0000,,,,,False,,no trajectory gestures recorded,19,1.242,0.2478,0.0808,still,
1789316994.248,92.550,LIVE,builtin,accepted,swipe_left,,,,,,,True,previous_slide,"DRY RUN, would press left",,,,,,
1789316994.248,92.550,LIVE,trajectory,rejected,,inf,0.0000,,,,,False,,no trajectory gestures recorded,16,0.883,1.1354,0.1356,still,
1789316995.896,94.198,LIVE,trajectory,rejected,,inf,0.0000,,,,,False,,no trajectory gestures recorded,14,0.669,0.1180,0.0560,still,
1789316997.021,95.324,LIVE,builtin,accepted,swipe_right,,,,,,,True,next_slide,"DRY RUN, would press right",,,,,,
1789316997.021,95.324,LIVE,trajectory,rejected,,inf,0.0000,,,,,False,,no trajectory gestures recorded,15,1.048,0.1241,0.0828,hand_lost,
1789316999.652,97.955,LIVE,trajectory,rejected,,,,,,,,False,,path_too_small(0.52<0.55),9,0.766,0.1170,0.0647,hand_lost,
1790356029.855,72.766,LIVE,builtin,accepted,swipe_right,,,,,,,True,next_slide,"DRY RUN, would press right",,,,,,
1790356029.855,72.766,LIVE,trajectory,rejected,,inf,0.0000,,,,,False,,no trajectory gestures recorded,21,1.065,0.5489,0.1222,still,
1790356031.684,74.596,LIVE,trajectory,rejected,,,,,,,,False,,path_too_small(0.47<0.55),10,0.495,0.2242,0.0510,still,
1790356032.878,75.789,LIVE,trajectory,rejected,,inf,0.0000,,,,,False,,no trajectory gestures recorded,6,0.621,0.2017,0.0972,hand_lost,
1790356043.983,86.894,LIVE,trajectory,rejected,,,,,,,,False,,path_too_small(0.17<0.55),4,0.575,0.0945,0.0427,hand_lost,
1790356050.182,93.093,LIVE,builtin,accepted,swipe_left,,,,,,,True,previous_slide,"DRY RUN, would press left",,,,,,
1790356050.182,93.093,LIVE,trajectory,rejected,,inf,0.0000,,,,,False,,no trajectory gestures recorded,25,1.310,0.5166,0.1157,still,
1790356058.559,101.471,LIVE,builtin,accepted,swipe_right,,,,,,,True,next_slide,"DRY RUN, would press right",,,,,,
1790356058.559,101.471,LIVE,trajectory,rejected,,inf,0.0000,,,,,False,,no trajectory gestures recorded,28,1.396,0.6055,0.1129,still,
1790356061.217,104.128,LIVE,builtin,accepted,swipe_left,,,,,,,True,previous_slide,"DRY RUN, would press left",,,,,,
1790356061.217,104.128,LIVE,trajectory,rejected,,inf,0.0000,,,,,False,,no trajectory gestures recorded,27,1.473,0.6131,0.1194,still,
1790356069.310,112.222,LIVE,builtin,accepted,closed_fist_hold,,,,,,,True,first_slide,"DRY RUN, would press home",,,,,,
1790356071.652,114.563,LIVE,builtin,accepted,thumbs_up,,,,,,,True,start_presentation,"DRY RUN, would press f5",,,,,,
1790356072.207,115.119,LIVE,trajectory,rejected,,inf,0.0000,,,,,False,,no trajectory gestures recorded,17,0.798,0.0974,0.0541,still,
1790356090.722,133.633,LIVE,trajectory,rejected,,inf,0.0000,,,,,False,,no trajectory gestures recorded,13,0.608,0.6503,0.0985,still,
1790356093.587,136.499,LIVE,trajectory,rejected,,,,,,,,False,,path_too_small(0.18<0.55),4,0.484,0.0758,0.0493,hand_lost,
1790358102.554,25.546,LIVE,trajectory,rejected,,,,,,,,False,,path_too_small(0.29<0.55),10,0.363,0.0713,0.0292,still,
1790358104.327,27.319,LIVE,builtin,accepted,swipe_left,,,,,,,True,previous_slide,pressed left,,,,,,
1790358104.328,27.320,LIVE,trajectory,rejected,,inf,0.0000,,,,,False,,no trajectory gestures recorded,24,0.933,0.1765,0.0817,still,
1790358105.319,28.311,LIVE,trajectory,rejected,,,,,,,,False,,path_too_small(0.32<0.55),5,0.480,0.1620,0.0693,hand_lost,
1790358106.115,29.106,LIVE,trajectory,rejected,,,,,,,,False,,path_too_small(0.33<0.55),9,0.334,0.1194,0.0389,still,
1790358107.210,30.201,LIVE,builtin,accepted,swipe_right,,,,,,,True,next_slide,pressed right,,,,,,
1790358107.212,30.203,LIVE,trajectory,rejected,,inf,0.0000,,,,,False,,no trajectory gestures recorded,20,0.759,0.2263,0.0968,still,
1790358109.771,32.763,LIVE,builtin,accepted,swipe_left,,,,,,,True,previous_slide,pressed left,,,,,,
1790358109.771,32.763,LIVE,trajectory,rejected,,inf,0.0000,,,,,False,,no trajectory gestures recorded,19,0.778,0.2376,0.0947,still,
1790358111.788,34.780,LIVE,trajectory,rejected,,,,,,,,False,,path_too_small(0.55<0.55),15,0.673,0.0955,0.0406,still,
1790358112.860,35.851,LIVE,builtin,accepted,swipe_right,,,,,,,True,next_slide,pressed right,,,,,,
1790358112.861,35.852,LIVE,trajectory,rejected,,inf,0.0000,,,,,False,,no trajectory gestures recorded,12,0.731,1.5717,0.2135,still,
1790358114.579,37.571,LIVE,builtin,accepted,thumbs_up,,,,,,,True,start_presentation,pressed f5,,,,,,
1790358114.971,37.963,LIVE,trajectory,rejected,,inf,0.0000,,,,,False,,no trajectory gestures recorded,18,0.754,0.1609,0.0662,still,
1790358116.559,39.550,LIVE,trajectory,rejected,,inf,0.0000,,,,,False,,no trajectory gestures recorded,18,0.698,0.1474,0.0454,still,
1790358117.622,40.614,LIVE,builtin,accepted,closed_fist_hold,,,,,,,True,first_slide,pressed home,,,,,,
1790358119.276,42.268,LIVE,trajectory,rejected,,,,,,,,False,,path_too_small(0.41<0.55),5,0.479,0.1994,0.0836,hand_lost,
1790358120.345,43.337,LIVE,builtin,accepted,thumbs_up,,,,,,,True,start_presentation,pressed f5,,,,,,
1790358122.974,45.966,LIVE,builtin,accepted,peace_sign,,,,,,,True,end_presentation,pressed esc,,,,,,
1790358127.112,50.104,LIVE,trajectory,rejected,,,,,,,,False,,path_too_small(0.27<0.55),4,0.412,0.1529,0.0725,hand_lost,
1790358141.686,64.677,LIVE,trajectory,rejected,,,,,,,,False,,path_too_small(0.21<0.55),4,0.503,0.1259,0.0571,hand_lost,
1790358142.986,65.978,LIVE,trajectory,rejected,,,,,,,,False,,path_too_small(0.32<0.55),10,0.368,0.0998,0.0416,still,
1790358143.659,66.651,LIVE,builtin,accepted,swipe_right,,,,,,,True,next_slide,pressed right,,,,,,
1790358143.661,66.653,LIVE,trajectory,rejected,,inf,0.0000,,,,,False,,no trajectory gestures recorded,7,0.619,0.2051,0.0945,hand_lost,
1790358145.458,68.450,LIVE,trajectory,rejected,,,,,,,,False,,path_too_small(0.18<0.55),10,0.524,0.0750,0.0177,still,
1790358147.328,70.319,LIVE,builtin,accepted,swipe_left,,,,,,,True,previous_slide,pressed left,,,,,,
1790358147.328,70.319,LIVE,trajectory,rejected,,inf,0.0000,,,,,False,,no trajectory gestures recorded,31,1.674,0.7860,0.1172,still,
1790358148.074,71.066,LIVE,builtin,accepted,swipe_right,,,,,,,False,,"suppressed by shared cooldown (0.05s left, last=swipe_left)",,,,,,
1790358148.074,71.066,LIVE,trajectory,rejected,,inf,0.0000,,,,,False,,no trajectory gestures recorded,8,0.646,0.3133,0.1463,hand_lost,
1790358150.829,73.821,LIVE,trajectory,rejected,,inf,0.0000,,,,,False,,no trajectory gestures recorded,12,0.646,3.0539,0.3715,still,
1790358154.566,77.558,LIVE,builtin,accepted,swipe_right,,,,,,,True,next_slide,pressed right,,,,,,
1790358154.566,77.558,LIVE,trajectory,rejected,,inf,0.0000,,,,,False,,no trajectory gestures recorded,16,0.894,1.2288,0.1585,still,
1790358155.800,78.792,LIVE,trajectory,rejected,,,,,,,,False,,path_too_small(0.41<0.55),10,0.433,0.1196,0.0424,still,
1790358157.022,80.014,LIVE,builtin,accepted,swipe_left,,,,,,,True,previous_slide,pressed left,,,,,,
1790358157.022,80.014,LIVE,trajectory,rejected,,inf,0.0000,,,,,False,,no trajectory gestures recorded,10,0.961,0.9163,0.2237,hand_lost,
1790358159.504,82.496,LIVE,trajectory,rejected,,,,,,,,False,,path_too_small(0.47<0.55),4,0.409,0.2072,0.1225,hand_lost,
1790358165.003,87.994,LIVE,trajectory,rejected,,inf,0.0000,,,,,False,,no trajectory gestures recorded,7,0.677,0.7290,0.2040,hand_lost,
1790358214.154,137.146,LIVE,trajectory,rejected,,inf,0.0000,,,,,False,,no trajectory gestures recorded,13,0.507,0.1421,0.0516,still,
1790358214.903,137.895,LIVE,trajectory,rejected,,,,,,,,False,,path_too_small(0.20<0.55),4,0.427,0.1178,0.0593,hand_lost,
1790358220.568,143.560,LIVE,trajectory,rejected,,,,,,,,False,,path_too_small(0.44<0.55),11,0.384,0.0895,0.0396,still,
1790358222.003,144.995,LIVE,builtin,accepted,swipe_left,,,,,,,True,previous_slide,pressed left,,,,,,
1790358222.004,144.995,LIVE,trajectory,rejected,,inf,0.0000,,,,,False,,no trajectory gestures recorded,7,0.623,0.5976,0.1929,hand_lost,
1790358223.831,146.823,LIVE,builtin,accepted,swipe_right,,,,,,,True,next_slide,pressed right,,,,,,
1790358223.831,146.823,LIVE,trajectory,rejected,,inf,0.0000,,,,,False,,no trajectory gestures recorded,16,0.778,0.6611,0.1310,still,
1790358225.184,148.176,LIVE,builtin,accepted,swipe_left,,,,,,,True,previous_slide,pressed left,,,,,,
1790358225.184,148.176,LIVE,trajectory,rejected,,inf,0.0000,,,,,False,,no trajectory gestures recorded,11,0.653,0.1823,0.1079,hand_lost,
1790358226.137,149.128,LIVE,trajectory,rejected,,,,,,,,False,,too_short(3f<4f),3,0.363,0.2159,0.1157,hand_lost,
1790358240.312,163.304,LIVE,trajectory,rejected,,inf,0.0000,,,,,False,,no trajectory gestures recorded,25,1.334,7.7104,0.6203,still,
1790358242.240,165.231,LIVE,trajectory,rejected,,inf,0.0000,,,,,False,,no trajectory gestures recorded,37,1.860,0.2080,0.0853,hand_lost,
1790358244.512,167.504,LIVE,trajectory,rejected,,inf,0.0000,,,,,False,,no trajectory gestures recorded,12,0.523,1.3783,0.1613,still,
1790358245.951,168.943,LIVE,builtin,accepted,swipe_left,,,,,,,True,previous_slide,pressed left,,,,,,
1790358245.965,168.956,LIVE,trajectory,rejected,,inf,0.0000,,,,,False,,no trajectory gestures recorded,25,1.027,0.7676,0.1499,still,
1790358248.512,171.503,LIVE,builtin,accepted,swipe_left,,,,,,,True,previous_slide,pressed left,,,,,,
1790358248.512,171.503,LIVE,trajectory,rejected,,inf,0.0000,,,,,False,,no trajectory gestures recorded,17,0.803,0.1407,0.0403,still,
1790358250.561,173.553,LIVE,builtin,accepted,swipe_right,,,,,,,True,next_slide,pressed right,,,,,,
1790358250.561,173.553,LIVE,trajectory,rejected,,inf,0.0000,,,,,False,,no trajectory gestures recorded,21,1.079,1.7332,0.2038,still,
1790358251.772,174.764,LIVE,trajectory,rejected,,,,,,,,False,,path_too_small(0.24<0.55),4,0.440,0.1232,0.0633,hand_lost,
1790358255.356,178.348,LIVE,trajectory,rejected,,inf,0.0000,,,,,False,,no trajectory gestures recorded,16,0.681,0.9863,0.1363,still,
1790358255.834,178.826,LIVE,trajectory,rejected,,,,,,,,False,,path_too_small(0.38<0.55),4,0.405,0.2096,0.1370,hand_lost,
1790358256.507,179.498,LIVE,builtin,accepted,swipe_left,,,,,,,True,previous_slide,pressed left,,,,,,
1790358256.508,179.499,LIVE,trajectory,rejected,,inf,0.0000,,,,,False,,no trajectory gestures recorded,15,0.611,3.3913,0.2867,still,
1790358261.062,184.053,LIVE,builtin,accepted,swipe_right,,,,,,,True,next_slide,pressed right,,,,,,
1790358261.062,184.053,LIVE,trajectory,rejected,,inf,0.0000,,,,,False,,no trajectory gestures recorded,7,0.543,0.2509,0.1236,hand_lost,
1790358261.535,184.527,LIVE,builtin,accepted,swipe_right,,,,,,,False,,"suppressed by shared cooldown (0.33s left, last=swipe_right)",,,,,,
1790358261.545,184.536,LIVE,trajectory,rejected,,inf,0.0000,,,,,False,,no trajectory gestures recorded,12,0.445,3.1482,0.3167,still,
1790358263.291,186.283,LIVE,builtin,accepted,thumbs_up,,,,,,,True,start_presentation,pressed f5,,,,,,
1790358265.886,188.878,LIVE,trajectory,rejected,,inf,0.0000,,,,,False,,no trajectory gestures recorded,10,0.401,0.2960,0.0689,still,
1790358265.984,188.975,LIVE,builtin,accepted,peace_sign,,,,,,,True,end_presentation,pressed esc,,,,,,
1790358267.688,190.680,LIVE,trajectory,rejected,,,,,,,,False,,path_too_small(0.35<0.55),4,0.395,0.1895,0.0966,hand_lost,
1790358272.436,195.428,LIVE,trajectory,rejected,,inf,0.0000,,,,,False,,no trajectory gestures recorded,11,0.411,0.1766,0.0645,still,
1790358273.201,196.193,LIVE,trajectory,rejected,,,,,,,,False,,path_too_small(0.46<0.55),5,0.532,0.1785,0.0941,hand_lost,
1790358273.715,196.706,LIVE,trajectory,rejected,,,,,,,,False,,path_too_small(0.47<0.55),10,0.403,0.1516,0.0467,still,
1790358276.582,199.573,LIVE,trajectory,rejected,,inf,0.0000,,,,,False,,no trajectory gestures recorded,16,0.630,0.2956,0.0900,still,
1790358276.619,199.611,LIVE,builtin,accepted,thumbs_up,,,,,,,True,start_presentation,pressed f5,,,,,,
1790358277.694,200.686,LIVE,trajectory,rejected,,,,,,,,False,,path_too_small(0.25<0.55),4,0.403,0.1254,0.0845,hand_lost,
1790358281.206,204.198,LIVE,trajectory,rejected,,inf,0.0000,,,,,False,,no trajectory gestures recorded,25,1.296,0.1698,0.0834,hand_lost,
1790358285.532,208.524,LIVE,trajectory,rejected,,inf,0.0000,,,,,False,,no trajectory gestures recorded,32,2.309,4.3877,0.4694,hand_lost,
1790358287.546,210.538,LIVE,trajectory,rejected,,inf,0.0000,,,,,False,,no trajectory gestures recorded,7,0.847,8.8510,2.5311,hand_lost,
1790358303.458,226.450,LIVE,trajectory,rejected,,inf,0.0000,,,,,False,,no trajectory gestures recorded,31,2.112,9.2631,0.7248,hand_lost,
1790358305.070,228.062,LIVE,builtin,accepted,thumbs_up,,,,,,,True,start_presentation,pressed f5,,,,,,
1790358305.593,228.585,LIVE,trajectory,rejected,,inf,0.0000,,,,,False,,no trajectory gestures recorded,19,0.880,0.0913,0.0441,still,
1790358306.664,229.656,LIVE,builtin,accepted,swipe_left,,,,,,,True,previous_slide,pressed left,,,,,,
1790358306.668,229.659,LIVE,trajectory,rejected,,inf,0.0000,,,,,False,,no trajectory gestures recorded,9,0.667,0.2436,0.0805,hand_lost,
1790358307.399,230.391,LIVE,trajectory,rejected,,,,,,,,False,,too_short(2f<4f),2,0.599,0.2778,0.2042,hand_lost,
1790358308.884,231.876,LIVE,trajectory,rejected,,inf,0.0000,,,,,False,,no trajectory gestures recorded,19,1.238,0.4933,0.1584,hand_lost,
1790358309.536,232.527,LIVE,builtin,accepted,swipe_left,,,,,,,True,previous_slide,pressed left,,,,,,
1790358309.536,232.527,LIVE,trajectory,rejected,,inf,0.0000,,,,,False,,no trajectory gestures recorded,10,0.563,0.4878,0.0956,still,
1790358313.495,236.487,LIVE,builtin,accepted,swipe_right,,,,,,,True,next_slide,pressed right,,,,,,
1790358313.495,236.487,LIVE,trajectory,rejected,,inf,0.0000,,,,,False,,no trajectory gestures recorded,14,1.060,2.0590,0.3356,still,
1790358314.536,237.528,LIVE,trajectory,rejected,,,,,,,,False,,path_too_small(0.33<0.55),4,0.430,0.2221,0.0911,hand_lost,
1790358316.243,239.234,LIVE,builtin,accepted,swipe_right,,,,,,,True,next_slide,pressed right,,,,,,
1790358316.243,239.234,LIVE,trajectory,rejected,,inf,0.0000,,,,,False,,no trajectory gestures recorded,13,1.078,7.4680,0.7060,hand_lost,
1790358319.819,242.810,LIVE,trajectory,rejected,,inf,0.0000,,,,,False,,no trajectory gestures recorded,27,1.733,0.6628,0.1695,hand_lost,
1790358320.913,243.904,LIVE,builtin,accepted,peace_sign,,,,,,,True,end_presentation,pressed esc,,,,,,
1790358323.957,246.948,LIVE,trajectory,rejected,,,,,,,,False,,path_too_small(0.31<0.55),7,0.701,0.0654,0.0449,hand_lost,
1790358329.806,252.798,LIVE,trajectory,rejected,,,,,,,,False,,too_short(3f<4f),3,1.014,5.3586,2.3233,hand_lost,
1790358330.937,253.929,LIVE,trajectory,rejected,,inf,0.0000,,,,,False,,no trajectory gestures recorded,8,0.666,0.2169,0.0960,hand_lost,
1790358337.753,260.745,LIVE,trajectory,rejected,,inf,0.0000,,,,,False,,no trajectory gestures recorded,4,0.605,1.3230,0.3564,hand_lost,
1790358351.478,274.470,LIVE,trajectory,rejected,,inf,0.0000,,,,,False,,no trajectory gestures recorded,4,0.879,7.4373,2.3126,hand_lost,
1790358357.717,280.709,LIVE,trajectory,rejected,,inf,0.0000,,,,,False,,no trajectory gestures recorded,17,1.076,0.1774,0.0966,hand_lost,
1790358374.887,297.878,LIVE,trajectory,rejected,,inf,0.0000,,,,,False,,no trajectory gestures recorded,16,1.217,0.5460,0.1918,hand_lost,
1790358383.192,306.183,LIVE,trajectory,rejected,,,,,,,,False,,path_too_small(0.35<0.55),9,0.343,0.0901,0.0390,still,
1790358391.352,314.344,LIVE,trajectory,rejected,,inf,0.0000,,,,,False,,no trajectory gestures recorded,15,0.689,3.7572,0.3805,still,
1790358392.509,315.500,LIVE,trajectory,rejected,,inf,0.0000,,,,,False,,no trajectory gestures recorded,17,0.961,8.3258,0.8173,still,
1790358393.392,316.384,LIVE,trajectory,rejected,,,,,,,,False,,path_too_small(0.53<0.55),10,0.449,0.2916,0.0527,still,
1790358393.500,316.492,LIVE,builtin,accepted,peace_sign,,,,,,,True,end_presentation,pressed esc,,,,,,
1790358396.152,319.144,LIVE,trajectory,rejected,,inf,0.0000,,,,,False,,no trajectory gestures recorded,26,2.637,5.5530,0.2874,hand_lost,
1790358398.656,321.648,LIVE,trajectory,rejected,,,,,,,,False,,path_too_small(0.50<0.55),11,0.477,0.1403,0.0460,still,
1790358401.722,324.714,LIVE,builtin,accepted,peace_sign,,,,,,,True,end_presentation,pressed esc,,,,,,
1790358401.931,324.923,LIVE,builtin,accepted,swipe_right,,,,,,,False,,"suppressed by shared cooldown (0.59s left, last=peace_sign)",,,,,,
1790358401.931,324.923,LIVE,trajectory,rejected,,inf,0.0000,,,,,False,,no trajectory gestures recorded,17,0.926,0.3759,0.0744,still,
1790358404.024,327.015,LIVE,builtin,accepted,swipe_right,,,,,,,True,next_slide,pressed right,,,,,,
1790358404.024,327.015,LIVE,trajectory,rejected,,inf,0.0000,,,,,False,,no trajectory gestures recorded,17,1.213,0.2256,0.0941,hand_lost,
1790358404.722,327.714,LIVE,builtin,accepted,swipe_left,,,,,,,False,,"suppressed by shared cooldown (0.10s left, last=swipe_right)",,,,,,
1790358404.722,327.714,LIVE,trajectory,rejected,,inf,0.0000,,,,,False,,no trajectory gestures recorded,12,0.514,0.1450,0.0590,still,
1790358405.830,328.821,LIVE,builtin,accepted,swipe_right,,,,,,,True,next_slide,pressed right,,,,,,
1790358405.840,328.831,LIVE,trajectory,rejected,,inf,0.0000,,,,,False,,no trajectory gestures recorded,8,0.651,0.4835,0.1538,hand_lost,
1790358406.991,329.983,LIVE,trajectory,rejected,,,,,,,,False,,path_too_small(0.46<0.55),5,0.533,0.1866,0.1019,hand_lost,
1790358407.670,330.661,LIVE,builtin,accepted,swipe_left,,,,,,,True,previous_slide,pressed left,,,,,,
1790358407.671,330.662,LIVE,trajectory,rejected,,inf,0.0000,,,,,False,,no trajectory gestures recorded,13,0.533,0.1691,0.0621,still,
1790358409.837,332.829,LIVE,builtin,accepted,swipe_right,,,,,,,True,next_slide,pressed right,,,,,,
1790358409.837,332.829,LIVE,trajectory,rejected,,inf,0.0000,,,,,False,,no trajectory gestures recorded,22,1.306,0.7794,0.2030,hand_lost,
1790358411.093,334.085,LIVE,trajectory,rejected,,,,,,,,False,,path_too_small(0.47<0.55),13,0.512,0.0943,0.0404,still,
1790358411.626,334.618,LIVE,trajectory,rejected,,,,,,,,False,,too_short(3f<4f),3,0.485,0.2014,0.1527,hand_lost,
1790358412.649,335.641,LIVE,builtin,accepted,swipe_left,,,,,,,True,previous_slide,pressed left,,,,,,
1790358412.649,335.641,LIVE,trajectory,rejected,,inf,0.0000,,,,,False,,no trajectory gestures recorded,13,0.877,0.2335,0.0846,hand_lost,
1790358414.211,337.203,LIVE,trajectory,rejected,,,,,,,,False,,path_too_small(0.31<0.55),4,0.481,0.1205,0.0792,hand_lost,
1790358417.057,340.049,LIVE,builtin,accepted,thumbs_up,,,,,,,True,start_presentation,pressed f5,,,,,,
1790358417.969,340.960,LIVE,trajectory,rejected,,inf,0.0000,,,,,False,,no trajectory gestures recorded,17,0.909,0.1165,0.0720,hand_lost,
1790358419.712,342.703,LIVE,builtin,accepted,thumbs_up,,,,,,,True,start_presentation,pressed f5,,,,,,
1790358419.768,342.760,LIVE,trajectory,rejected,,inf,0.0000,,,,,False,,no trajectory gestures recorded,16,0.606,0.2296,0.0911,still,
1790358420.915,343.906,LIVE,trajectory,rejected,,inf,0.0000,,,,,False,,no trajectory gestures recorded,9,0.662,0.2023,0.0736,hand_lost,
1790358423.380,346.372,LIVE,builtin,accepted,swipe_right,,,,,,,True,next_slide,pressed right,,,,,,
1790358423.380,346.372,LIVE,trajectory,rejected,,inf,0.0000,,,,,False,,no trajectory gestures recorded,4,0.520,4.6521,1.2831,hand_lost,
1790358533.866,456.858,LIVE,builtin,accepted,swipe_left,,,,,,,True,previous_slide,"DRY RUN, would press left",,,,,,
1790358533.870,456.862,LIVE,traj,accepted,test,0.5110,0.6000,calibrated(2 samples),,,0.0000,False,,"suppressed by shared cooldown (0.80s left, last=swipe_left)",12,0.531,0.1495,0.0576,still,
1790358539.100,462.091,LIVE,trajectory,rejected,test,0.8120,0.6000,calibrated(2 samples),,,0.0000,False,,distance over threshold,29,1.863,2.6825,0.2056,hand_lost,
